time,0,1,2,3,4,5,6,7,8,9,10,11,12,13,14,15,16,17,18,19,20,21,22,23,24,25,26,27,28,29,30,31,32,33,34,35,36,37,38,39,40,41,42,43,44,45,46,47,48,49,50,51,52,53,54,55,56,57,58,59,60,61,62,63,64,65,66,67,68,69,70,71,72,73,74,75,76,77,78,79,80,81,82,83,84,85,86,87,88,89,90,91,92,93,94,95,96,97,98,99,100,101,102,103,104,105,106,107,108,109,110,111,112,113,114,115,116,117,118,119
1.25,0.38930876689377136,-0.543577037247692,0.3189194390023733,-0.09611806027647063,-0.09611806027647063,-0.543577037247692,0.2733414036028545,-0.7266585963971455,0.5952694984902172,-0.40473050150978285,-0.1416960956759894,-0.1416960956759894,0.3360421682125434,-0.6639578317874566,0.4235050094628825,-0.342029736900094,-0.2045262131501593,-0.342029736900094,0.2940970418352604,-0.6127935537732583,0.4746692874770808,-0.29086545888589566,-0.027831053052102206,-0.027831053052102206,-0.13348846181215457,-0.5485259610909985,-0.13348846181215457,0.5294765509102746,0.08890395952429309,0.7409806561039867,0.24795593068335542,-0.5821190678743324,0.41788093212566757,-0.29261245067934727,-0.1670815685954885,-0.1670815685954885,0.23370072645908024,-0.6593840696244078,0.6207238495683276,-0.4667389916820115,-0.14481089679464887,-0.29681399023969934,0.5381583025059156,-0.46184169749408444,0.6256211437562547,-0.1399136026067218,-0.1399136026067218,-0.46184169749408444,0.2514686227055014,-0.3010724003232772,0.5469245062316723,-0.5075232777907042,-0.1205001546814568,-0.3010724003232772,-1.0869605946575067,-1.2568855960998189,0.13543182667894182,-0.6719230953786628,2.234967500229856,-0.6719230953786628,-0.16594027183398197,-0.3358652732762941,-0.5285103512186904,-0.013937178388931493,1.187696682780719,0.24909722744486196,-0.47654670310222347,-0.6285497965472739,1.2459193213688673,0.2015252020104139,-0.09803507984849436,-0.3390431793522888,-0.11362646894987538,-0.435554563837238,-0.26562956239492586,0.3718003582203657,0.6519082774131011,0.4713360317712807,-0.36033322242082555,-0.5827256437572732,0.0022368569638828717,0.15423995040893335,0.4172743562427268,0.4172743562427268,-0.34887359987497835,-0.24195839595846635,-0.24195839595846635,1.0799696989288963,-0.049313318016070085,-0.34887359987497835,-0.06389848817098454,-0.38582658305834716,-0.06389848817098454,0.862100930385238,-0.06389848817098454,0.19913591766280891,0.4804502853983621,-0.3820461908517032,0.9134096926744677,-0.25651530876784445,-0.3820461908517032,-0.6715528080466884,-0.06966300006395532,-0.41758630348426173,-0.06966300006395532,1.707944578599597,-0.29205542140040297,-0.29205542140040297,0.5173738208636207,-0.31661622769745,0.5521392390242976,-0.38074656511716576,-0.255215683033307,-0.13973846561337133,0.5956644738086263,-0.495483414249569,0.504516585750431,-0.3751891805318577,-0.2641578681431138,-0.3751891805318577
2.0,0.456422962752308,-0.1956537338273856,0.38930876689377136,0.08445418536534977,0.08445418536534977,-0.3025689377438976,0.3608042448531936,-0.26722697775984816,0.7327730222401518,-0.26722697775984816,0.18023199921137323,-0.026218878256053735,0.5059671696548556,-0.2045262131501593,0.5059671696548556,-0.07899533106630052,0.03648188635363514,-0.2045262131501593,0.3872064462267417,-0.44286855233094613,0.5571314476690539,-0.15336193513596097,0.08764616436783346,-0.027831053052102206,-0.7184509625333106,-1.1334884618121546,-0.7184509625333106,0.603477132354052,0.28154903746668936,0.8051109935237024,0.3354187719336945,-0.1670815685954885,0.49588344412694063,-0.05160435117555284,0.05531085274095915,0.05531085274095915,0.4401516039265072,-0.14481089679464887,0.7031860097603007,-0.14481089679464887,0.23370072645908024,-0.007307373044714183,0.5381583025059156,-0.2919166960517723,0.6256211437562547,-0.1399136026067218,0.12312080322707164,-0.1399136026067218,0.31559896012521715,-0.03803799448948375,0.5469245062316723,-0.3010724003232772,-0.03803799448948375,-0.1205001546814568,-1.4495306740422151,-1.4495306740422151,0.2666763599571942,0.2666763599571942,3.582318191997125,-0.34999500049130017,-0.750902772555138,-1.0139371783889315,-1.3358652732762941,0.24909722744486196,1.249097227444862,0.3645744448647976,-0.7984747979895861,-1.21351229726843,1.4494527154539991,0.288988043260753,0.4494527154539991,1.725087158067427,-0.6281996417796343,-0.8505920631160819,-1.1136264689498754,1.4713360317712807,0.6519082774131011,0.6519082774131011,-1.5827256437572732,-1.5827256437572732,-0.5827256437572732,1.080239368965156,0.5327515736626625,0.6396667775791745,-0.7273852231287075,-0.7273852231287075,-0.049313318016070085,1.0799696989288963,0.03814952323426901,-0.34887359987497835,-0.47893598744982846,-0.8008640823371911,-0.38582658305834716,0.8995756358039015,0.006490839720413533,0.19913591766280891,0.5508396132897602,-0.1410380913479088,0.9658771125686032,-0.1410380913479088,-0.1410380913479088,-0.3820461908517032,-0.5550898272341964,-1.0696630000639553,-0.41758630348426173,1.7376919219936493,-0.29205542140040297,-0.1765782039804673,0.5173738208636207,-0.255215683033307,0.5173738208636207,-0.31661622769745,-0.255215683033307,-0.13973846561337133,0.8389356248209898,-0.43408286958542597,0.565917130414574,-0.2116904482489783,-0.2641578681431138,-0.3186056521654903
2.75,0.640847533889735,-0.09611806027647063,0.640847533889735,0.456422962752308,0.5205533001720237,0.08445418536534977,0.4432664050451667,-0.5567335949548333,0.8583039043240106,-0.026218878256053735,0.5952694984902172,0.4432664050451667,0.5839696816561286,-0.49403283034514445,0.5059671696548556,0.14339709027014713,0.5839696816561286,0.2429327638210621,0.08764616436783346,-0.8054386317156546,0.4746692874770808,0.08764616436783346,0.3872064462267417,0.2940970418352604,0.18843963307520806,-0.018011244392218906,0.08890395952429309,0.8665115381878454,0.36901187871702845,0.9819887556077811,0.3354187719336945,-0.43011597442928196,0.49588344412694063,0.15484652629187412,0.41788093212566757,0.41788093212566757,0.4401516039265072,-0.6593840696244078,0.6207238495683276,0.11822350903914458,0.5332610083179885,0.34061593037559224,0.2385980206470073,-0.8768791967729284,0.3455132245635193,-0.0024100788567871234,0.3455132245635193,0.12312080322707164,0.31559896012521715,0.03996451751178931,0.6989275996767228,-0.1205001546814568,0.2514686227055014,0.1843544268469648,-0.7974539774625216,-0.7974539774625216,-0.008958082656233657,-0.5564458779587271,3.9230234939151156,-0.25688559609981887,-0.013937178388931493,-0.16594027183398197,-0.3358652732762941,-0.013937178388931493,1.0564521495024666,0.4714896487813096,-0.21351229726843002,-0.6285497965472739,0.9564127041738821,0.288988043260753,0.10841579761893261,3.6193777168963117,0.26488515430385373,0.023877054800059305,0.023877054800059305,0.7343704376050741,1.088007392219775,0.8863735310501246,-0.36033322242082555,-0.36033322242082555,0.15423995040893335,0.4172743562427268,0.5327515736626625,0.7392024511300894,-0.34887359987497835,-0.34887359987497835,-0.464350817294914,0.9048829923708048,0.12061168342624207,-0.24195839595846635,-0.13789906961476195,-0.47893598744982846,-0.215901581616035,0.7016362581919919,-0.29836374180800806,0.2580296067163772,0.5508396132897602,-0.25651530876784445,0.9658771125686032,0.15852219051099947,0.24598503176133857,-0.0341228874313968,-0.1765782039804673,-0.5550898272341964,-0.06966300006395532,1.8234217960195327,-0.1765782039804673,-0.1765782039804673,0.3297468176878491,-0.5182500888671004,0.36927518187448616,-0.31661622769745,-0.255215683033307,-0.08529068159099484,0.5355434813710556,-0.6971172754192194,0.44038624833071527,-0.019045370306582043,-0.16106437517901018,-0.2641578681431138
3.5,1.126274361059977,0.456422962752308,0.9511876545018856,0.8549723392425825,0.8549723392425825,0.5205533001720237,0.7969033596598676,-0.40473050150978285,1.1802319992113732,0.4432664050451667,0.9737811217439463,0.7969033596598676,0.9798983579872678,-0.2045262131501593,0.8596041242695565,0.5839696816561286,0.9210046689336995,0.657970263099906,0.19456136828434545,-1.0278310530521022,0.6351339596703269,0.2940970418352604,0.846638064864039,0.6351339596703269,0.67386646024545,0.4514740389090015,0.67386646024545,1.2357453478535643,0.9254052272414137,1.4514740389090015,0.49588344412694063,-0.1670815685954885,0.7715178867403685,0.569884025570718,0.7715178867403685,0.7715178867403685,0.7031860097603007,-0.4667389916820115,0.9255784310967492,0.4401516039265072,0.9926926269552858,0.7031860097603007,0.12312080322707164,-1.1399136026067218,0.44504889811443427,0.2385980206470073,0.7860858159495008,0.5381583025059156,0.5469245062316723,0.5469245062316723,1.1139650989555667,0.31559896012521715,0.5993919261258078,0.43589319384292846,-0.5564458779587271,-0.6719230953786628,0.20254602253747844,-0.08696059465750672,4.173566955565713,-0.008958082656233657,-0.013937178388931493,-0.013937178388931493,-0.16594027183398197,-0.3358652732762941,0.9860628216110685,0.6641347267237059,-0.47654670310222347,-0.7984747979895861,0.725087158067427,0.288988043260753,0.37145020345272606,3.9959410683605197,0.4713360317712807,0.3718003582203657,0.3718003582203657,1.7738988017917112,1.4224264312903339,1.2648851543038537,-0.5827256437572732,-0.5827256437572732,-0.16768814447842928,1.3558738115785838,0.6396667775791745,1.0022368569638829,-0.5898816993787728,-0.5898816993787728,-1.04931331801607,0.7055741841473981,0.12061168342624207,-0.24195839595846635,-0.29836374180800806,-0.6853868649172554,-0.38582658305834716,0.5683697273285278,-0.38582658305834716,0.19913591766280891,0.6820841465680125,-0.3820461908517032,1.0654127861195182,0.4064497039545847,0.6179538091482968,0.4064497039545847,-0.41758630348426173,-0.877017922121559,-0.29205542140040297,1.6775709295560786,-0.1765782039804673,-0.06966300006395532,0.20421593560399032,-0.8401781837544631,0.20421593560399032,-0.31661622769745,-0.255215683033307,-0.13973846561337133,0.22888214313700317,-1.019045370306582,0.3028827245807806,0.025348749051871344,-0.16106437517901018,-0.2641578681431138
4.25,1.5205533001720237,1.041385463473464,1.126274361059977,1.2449188575585959,1.20644470974396,0.9511876545018856,1.317735522961308,0.08069632566045826,1.4827947692318038,1.0282289057663228,1.4026244205478209,1.2733414036028545,1.4235050094628825,0.5059671696548556,1.3360421682125434,1.1433970902701471,1.4653251851575098,1.1433970902701471,0.6351339596703269,-0.44286855233094613,0.9107684022837548,0.7091345411141043,1.3414027566136166,1.031062636001466,0.5294765509102746,0.36901187871702845,0.603477132354052,1.566951256328938,1.3690118787170285,1.7734021337963641,1.2021522410702303,0.49588344412694063,1.0553108527409591,1.0028434328468236,1.2923500500418088,1.2479559306833554,0.9926926269552858,0.4401516039265072,1.2881485104814567,1.0568229643750016,1.5332610083179885,1.2337007264590802,0.2385980206470073,-0.8768791967729284,0.5381583025059156,0.44504889811443427,1.2385980206470073,0.9975899211432129,0.8794998453185432,1.1495890086862879,2.0774392229304524,0.746233314455079,1.1139650989555667,0.9619620055105162,-0.6719230953786628,-1.0869605946575067,0.3869705936749055,0.20254602253747844,4.447017977344845,0.3280769046213372,-0.5285103512186904,-1.0139371783889315,-1.3358652732762941,-0.3358652732762941,1.1235663453610032,0.834059728166018,-2.21351229726843,-1.798474797989586,0.4494527154539991,0.37145020345272606,0.78648770273157,4.356343311062518,0.4713360317712807,0.4713360317712807,0.4713360317712807,2.6305346266205345,1.9219974407808458,1.7738988017917112,-3.1676881444784293,-2.1676881444784293,-1.1676881444784293,-0.16768814447842928,0.8323118555215707,1.1542399504089333,-2.04931331801607,-2.04931331801607,-2.04931331801607,0.4101183006212272,0.03814952323426901,-0.14242272240755138,-0.6853868649172554,-1.5784716610007434,-0.9263949644210498,0.36906091910512107,-1.215901581616035,0.19913591766280891,0.9134096926744677,-0.1410380913479088,1.3679755561399487,0.7434846912321555,1.0165031856385713,0.8023783802857238,-1.877017922121559,-2.292055421400403,-1.5550898272341964,1.4083842967406897,-0.06966300006395532,-0.06966300006395532,-0.03282326169685934,-1.255215683033307,0.017802811373108796,-0.38074656511716576,-0.255215683033307,-0.13973846561337133,0.26635684855566666,-1.434082869585426,0.22888214313700317,0.06841747094375705,-0.16106437517901018,-0.3186056521654903
5.0,1.829881358279752,1.640847533889735,1.6694166860865058,1.611701188230219,1.7783510576396706,1.3189194390023733,2.0012618581660533,1.1802319992113732,2.1802319992113732,1.4432664050451667,1.917197593377579,1.6308934082209383,2.0909296703760116,1.5454955338414926,1.9210046689336995,1.5839696816561286,1.8278952645422182,1.5454955338414926,1.14209394839021,0.846638064864039,1.9107684022837548,1.14209394839021,1.7091345411141043,1.2940970418352604,1.9254052272414137,0.18843963307520806,0.28154903746668936,2.16419208682853,2.0629087509913493,2.3039168504951437,1.4178809321256676,1.4958834441269406,2.0293156442080154,1.3772389476283218,1.9203812726548506,1.7073875493206527,1.8551891032053511,1.3912420034455604,2.177117198092713,1.5332610083179885,2.0568229643750016,1.577655127676442,0.6256211437562547,0.2385980206470073,1.0617202585629286,0.9304757252846763,1.6256211437562547,1.2930458046693838,2.167076435415129,1.8144048170966585,2.1843544268469643,1.1843544268469648,1.72277434163109,1.4924767222092958,-1.0869605946575067,-0.7974539774625216,1.3280769046213372,1.2666763599571942,4.411999388166429,0.8723974208451475,-1.0139371783889315,-1.750902772555138,-2.335865273276294,0.5710253223322246,1.5710253223322246,1.187696682780719,-2.21351229726843,-1.798474797989586,1.0088801240680176,0.5234532968977765,1.0595061971379858,4.514408157294769,1.0238770548000593,1.2648851543038537,0.9567628589415227,3.4348101557461668,2.6088395555212154,2.3718003582203657,-3.1676881444784293,-2.1676881444784293,-0.5827256437572732,1.1542399504089333,1.0022368569638829,1.7392024511300894,-4.04931331801607,-2.04931331801607,-2.464350817294914,0.3430041047626906,0.12061168342624207,0.03814952323426901,-1.0638984881709845,-3.385826583058347,-2.800864082337191,0.2580296067163772,-1.215901581616035,0.19913591766280891,1.3284471919533116,0.6179538091482968,1.6179538091482968,1.1585221905109995,1.480450285398362,1.2878052074559658,-1.877017922121559,-2.292055421400403,-3.877017922121559,1.4083842967406897,0.029872673486959656,0.029872673486959656,-0.13973846561337133,-1.5182500888671004,-0.08529068159099484,-0.38074656511716576,-0.1963219939797387,-0.03282326169685934,0.11023764663838431,-1.5596137516692847,0.1508796311357301,0.3028827245807806,-0.06484905991970713,-0.16106437517901018
5.75,2.08445418536535,1.9277286816778965,2.041385463473464,2.08445418536535,2.244918857558596,1.829881358279752,2.360804244853194,1.8583039043240106,2.796903359659867,1.917197593377579,2.3818658603810237,2.155984452964695,2.0909296703760116,2.2902384785994183,2.3360421682125434,2.063962622775742,2.5059671696548556,1.9798983579872678,1.7795238690055024,1.7447584508448255,2.031062636001466,1.596659811855691,2.0876461643678335,1.846638064864039,1.7409806561039867,0.4514740389090015,0.9254052272414137,2.3900734942448585,2.5483355781615904,2.4514740389090015,2.1059369258109273,2.2021522410702303,2.1059369258109273,1.8918121204580798,2.6908994265320834,2.4178809321256676,2.3406159303755922,3.1771171980927133,2.1182235090391446,1.9926926269552858,2.662544025262955,2.0251141046476633,0.9304757252846763,0.9975899211432129,1.667441319450882,1.2930458046693838,2.18201449228064,1.7476116681348648,2.0399645175117893,2.5993919261258083,2.5733967175928636,1.8581261945259766,2.2998316442669005,2.2998316442669005,0.13543182667894182,0.2666763599571942,2.152505340037883,2.3724710239797906,4.862055476623689,1.3280769046213372,-0.5285103512186904,-1.0139371783889315,-1.3358652732762941,1.249097227444862,1.6641347267237059,1.5221157218512777,-2.21351229726843,-1.798474797989586,0.008880124068017636,0.5938426247891746,1.371450203452726,4.652736313842743,1.8123729496063472,2.2648851543038537,2.1791552802779703,4.023877054800059,3.149407936883918,3.0401788671291596,-3.1676881444784293,-2.1676881444784293,-0.5827256437572732,2.2585766102236686,1.291743474158868,1.961594872466537,-4.04931331801607,-2.04931331801607,-2.464350817294914,-0.049313318016070085,0.19861419542751513,0.19861419542751513,-1.3858265830583472,-3.385826583058347,-4.385826583058347,-0.13789906961476195,-1.5784716610007434,0.19913591766280891,1.3679755561399487,1.1585221905109995,1.7732320346262078,1.6820841465680125,2.065412786119518,1.7732320346262078,-1.877017922121559,-2.292055421400403,-3.877017922121559,1.3324354435073902,0.12298207787844095,0.12298207787844095,-0.4478607609757024,-1.840178183754463,-0.38074656511716576,-0.31661622769745,-0.1963219939797387,-0.03282326169685934,0.33850663431150174,-2.2116904482489783,-0.06484905991970713,0.1508796311357301,0.11023764663838431,-0.16106437517901018
6.5,2.041385463473464,1.9969913441150107,2.2637778848099117,2.5668469524459585,2.6552028268668053,2.244918857558596,2.250621327102771,1.8880512477180629,2.6827323397405562,2.4230885231075363,3.558743622465103,3.054701117127514,2.063962622775742,2.0084675101840386,1.890631019890181,2.5648608587084243,2.9507520123277517,2.545495533841493,1.846638064864039,1.9107684022837548,2.690987194403845,2.14209394839021,2.7965973823644434,2.516489463171708,2.009469492029888,1.188439633075208,1.5294765509102746,2.5669512563289376,2.5103677279625702,2.925405227241414,2.4958834441269406,2.335418771933695,2.5333581495456037,2.3772389476283218,2.6229953620302804,2.457409296312305,2.7031860097603007,2.3912420034455604,2.7230855671980057,2.440151603926507,3.1031166166489363,2.4874573187048634,1.2385980206470073,1.2930458046693838,1.8957103071239993,1.7476116681348648,2.582552421864369,2.56052611553437,2.0774392229304524,2.612215966483392,2.58645287041831,2.2677704350346017,2.5062825217343265,2.435893193842929,0.2666763599571942,0.7875085232586345,2.009900944595082,2.754341659323435,4.588604454844557,1.8516388606783503,0.1235663453610032,0.4714896487813096,-0.5285103512186904,1.5221157218512777,1.7934177436686722,1.873588092352655,-3.798474797989586,-3.798474797989586,-0.21351229726843002,0.8453813917851383,1.7561140536880515,4.790239837592678,2.672969892940931,2.9042954390473867,2.734370437605074,4.397335450327503,3.3326297609396884,3.264885154303854,-3.1676881444784293,-3.1676881444784293,-3.1676881444784293,3.1898638601396545,1.587199357685039,2.6136715690462307,-4.04931331801607,-2.04931331801607,-2.464350817294914,-0.7273852231287075,0.19861419542751513,0.27261477687129254,-1.215901581616035,-3.385826583058347,-4.385826583058347,-0.6853868649172554,-4.385826583058347,0.19913591766280891,1.5160741951290833,1.2029163098694529,2.04116523987284,1.9398819040356594,2.3483467493910166,2.1585221905109995,-1.877017922121559,-2.292055421400403,-3.877017922121559,2.2522650948234073,0.5152995006572016,1.3324354435073902,-4.840178183754463,-1.840178183754463,-4.840178183754463,-0.31661622769745,-0.1963219939797387,0.017802811373108796,-5.019045370306582,-2.2116904482489783,-5.019045370306582,0.1508796311357301,-0.019045370306582043,0.37327205247217865
7.25,2.3368413469996354,2.2258100346108916,2.5819538448361667,2.6834918712982287,2.6552028268668053,2.5205533001720233,2.6483808349497795,2.1802319992113732,2.5952694984902167,2.6656588263816148,3.796903359659867,3.180231999211373,2.402131358670316,2.218685217574384,2.063962622775742,2.8906310198901806,3.3133220917124597,3.130458034562649,1.9417952979043793,2.2698494955885824,2.3414027566136166,2.364486369726658,3.101451963892864,2.635133959670327,2.212286375029575,1.836137889144327,1.7409806561039867,2.6738664602454496,2.8962588815818977,2.925405227241414,2.335418771933695,2.8178115390143033,3.080845944848097,3.0553108527409596,3.810198354904428,2.9344564578665735,3.0251141046476633,2.8731110112026133,2.742714373946938,2.7811885217615737,3.1771171980927133,2.7620796988138694,1.4923546128927905,2.1231208032270716,1.8600863973932782,2.152868146621124,2.8957103071239993,2.7476116681348652,2.2677704350346017,2.8254600056056542,2.792037004068204,2.6500179991957764,2.9818615629482212,2.890069087028731,1.1354318266789418,1.7654822169286355,2.4013258866519758,3.2666763599571937,4.6196313504651805,2.6010953990277534,0.751597567974045,0.5710253223322246,0.4714896487813096,1.751597567974045,1.9860628216110685,2.2187235784013435,-2.21351229726843,-0.09803507984849436,-0.6285497965472739,1.2459193213688673,2.430343892506295,4.808855515760024,2.754269995042779,3.0722400763614583,2.868226184339865,4.5531301229349275,3.6833865088862696,3.564445436162762,-1.5827256437572732,0.15423995040893335,1.9197746967719098,3.714954904883412,2.002236856963883,3.1898638601396545,-4.04931331801607,-2.04931331801607,-2.464350817294914,-0.8793883165737579,0.27261477687129254,0.47424863804094297,-2.385826583058347,-3.385826583058347,-0.8008640823371911,-1.215901581616035,-2.0638984881709845,0.19913591766280891,1.9658771125686032,1.7732320346262078,2.4623029386881026,2.180890003539454,2.5508396132897597,2.3284471919533116,-1.877017922121559,-2.292055421400403,-3.877017922121559,2.408384296740689,0.8234217960195327,1.4805340824965247,-1.3807465651171658,-1.840178183754463,-1.255215683033307,-0.38074656511716576,-0.1963219939797387,-0.03282326169685934,-0.8491203688642699,-5.019045370306582,-0.6267279475278213,0.06841747094375705,-0.06484905991970713,0.19040799532236719
8.0,2.536150155223042,2.6408475338897355,2.804346266172615,2.854972339242583,2.974271267614927,2.765175668891937,2.732773022240152,2.781136043801551,3.0935203660180424,2.781136043801551,3.6827323397405562,3.6131914064874793,2.242932763821062,2.6214443870747917,2.266779505775429,2.9507520123277517,3.3018264528746304,3.0775091546136903,2.0876461643678335,2.7622458775736667,2.059631788198237,3.101451963892864,3.5061475189502493,3.101451963892864,2.7078137921687873,2.2815490374666894,2.347638227924462,3.0230160238678363,2.910905657546299,3.369011878717029,2.90616741343515,2.8478687728704832,2.8329184314045115,3.2366406174555213,3.2813789322208056,3.42786502069829,2.510540931817905,2.9083004396649135,2.5332610083179885,2.9762045041667164,3.314620721842648,3.147970852433197,1.9644230572080135,2.371048316670657,3.0300113988355903,2.4208013518677562,3.1820144922806404,3.013891733472313,2.5993919261258083,3.234980499916932,3.3542794282892765,2.9213200210131705,3.5199574586314033,3.3155989601252167,2.386970593674906,2.6500049995086994,2.6619776411747758,3.4573599215663036,4.691481635484859,2.576004418064923,1.912062240167291,1.5710253223322246,1.751597567974045,3.546777776085547,2.2788445708389142,2.497024740888447,-0.7984747979895861,1.5234532968977765,-0.09803507984849436,1.3308082189553803,3.212752457433668,4.926039055130364,3.3973354503275037,3.641261033213593,3.641261033213593,4.68856674799195,4.032050986245759,3.7836139566249236,1.291743474158868,0.7392024511300894,1.587199357685039,4.409740683557319,2.291743474158868,4.04176522115052,-4.04931331801607,-2.04931331801607,-2.464350817294914,-0.5898816993787728,0.4101183006212272,0.8086676771115018,-0.47893598744982846,-3.385826583058347,-0.8008640823371911,-1.215901581616035,-3.385826583058347,0.19913591766280891,2.4623029386881026,2.2670466472891686,2.830947532482495,2.634255621477397,2.8450227176942176,2.682084146568012,-1.877017922121559,-2.292055421400403,-3.877017922121559,2.370909591322026,0.707944578599597,1.1673761972368943,-1.670253182312151,-1.840178183754463,-1.3807465651171658,-0.31661622769745,-0.13973846561337133,0.017802811373108796,-0.931582529056243,-5.019045370306582,-0.6971172754192194,0.6533799716649131,0.1508796311357301,-0.11215477469806334
8.75,2.765175668891937,2.8298813582797524,3.1159324168385183,3.0082185995382646,3.2353960834400897,2.842481395059386,2.8431970119338024,2.5021600940987354,3.1188314545472298,3.0677572699529603,3.482794769231804,3.6396636178486705,2.402131358670316,2.8906310198901806,2.3584099812409978,2.827895264542218,3.168932182377285,3.3018264528746304,1.8134712009288396,2.5369535657314235,2.059631788198237,2.972168946947898,3.2073854086419296,3.1286734326278887,2.6738664602454496,2.3259431568251427,2.2815490374666894,3.151913757050094,3.2927762928899433,3.2588289609666057,2.8626657747985638,3.4863606700084344,2.7073875493206527,3.4377804895633726,3.524080335957593,3.9274360301888014,2.3406159303755922,3.1182235090391446,2.8186632271802368,3.2337007264590807,3.79064885101064,3.0878498599956257,2.2660787570691143,2.582552421864369,2.625621143756255,2.9131977338528405,3.1820144922806404,3.045952942704612,2.533503990469351,3.78072169084037,3.631240792165148,2.868852601119035,4.0447024365184525,3.5062825217343265,2.2509090440988775,3.100666408518265,2.685628909239421,3.90298574067857,4.222894667929281,2.708898688562268,1.834059728166018,1.7934177436686722,1.9495369455859546,3.8638070715600703,3.0039847296083306,2.5948720642865917,-0.47654670310222347,2.2238930150388683,0.10841579761893261,1.6933782983400887,3.4011975468467783,5.065711346664694,4.072240076361458,4.489257939768542,4.575672691586016,4.68856674799195,4.352347995554194,4.103604247270793,0.9197746967719098,2.3558738115785838,2.7392024511300894,4.546557373187693,2.7630491930844565,3.7026765751049755,-4.04931331801607,-2.04931331801607,-2.464350817294914,-0.464350817294914,0.535649182705086,1.038149523234269,-2.800864082337191,-3.385826583058347,-0.8008640823371911,-1.800864082337191,-3.385826583058347,0.19913591766280891,2.617953809148297,2.830947532482495,3.1585221905109995,2.9134096926744677,3.1919451920484496,3.0288869100944043,-1.877017922121559,-2.292055421400403,-3.877017922121559,2.7228949200655688,0.8234217960195327,0.7668382676531653,-2.255215683033307,-1.840178183754463,-1.670253182312151,-0.31661622769745,-0.13973846561337133,0.017802811373108796,-0.495483414249569,-5.019045370306582,-1.019045370306582,0.33850663431150174,-0.11215477469806334,-0.16106437517901018
9.5,2.77835105763967,3.0082185995382646,3.1159324168385183,3.030414345652461,3.2543791868076624,2.927728681677897,3.2040787411657408,2.402624420547821,3.9528215031083005,3.0806963256604587,3.9737811217439467,4.034892636047333,2.7283595909913037,2.402131358670316,2.1689321823772847,3.5744469075376224,3.2308599315204867,3.168932182377285,1.9721689469478978,2.972168946947898,2.409574259255196,3.168566159751401,3.6160251367226226,3.364486369726658,2.6738664602454496,2.3900734942448585,2.347638227924462,3.6824284737488737,3.4211003898654826,3.491002403095639,3.2479559306833554,3.0553108527409596,2.9344564578665735,3.2479559306833554,3.9344564578665735,3.787114741791387,2.6830081278226703,3.008994439284386,2.8731110112026133,3.0878498599956257,3.7031860097603007,3.3534399707331763,2.2660787570691143,2.9475492386436173,2.604247492963688,2.823560521368164,3.2385980206470077,3.152868146621124,2.78072169084037,4.218301758770302,3.7109002413427987,3.0399645175117893,4.255561377339385,3.2918828911514093,2.2666763599571937,3.0285166227624294,2.7875085232586345,3.743114403900181,4.401325886651976,2.8826657562989744,2.249097227444862,2.2187235784013435,3.1719293669224022,3.594872064286592,3.405601713124853,2.7302239171814784,1.201525202010414,1.0088801240680176,0.4494527154539991,1.6933782983400887,3.505305950187517,5.149892433595092,4.85446428309538,4.978073365186934,5.044225700191862,4.68856674799195,5.329317026898853,4.886373531050125,3.291743474158868,2.7392024511300894,3.876705974880024,4.6332117554418755,3.2417027916592724,4.061130546017452,-4.04931331801607,-2.04931331801607,-2.464350817294914,0.03814952323426901,0.7580416040415336,1.4425397783136047,-2.0638984881709845,-3.385826583058347,-0.6853868649172554,-2.0638984881709845,-3.385826583058347,0.19913591766280891,2.8450227176942176,3.0288869100944043,3.415910033203651,3.0411652398728406,3.415910033203651,3.3873408810068804,-1.877017922121559,-2.292055421400403,-3.877017922121559,2.864449064279588,1.0298726734869597,0.9303369999360447,-2.5182500888671004,-1.840178183754463,-2.0328232616968593,-0.38074656511716576,-0.1963219939797387,0.06671241185405563,-0.6971172754192194,-5.019045370306582,-1.019045370306582,0.7088750842566167,-0.019045370306582043,-0.2116904482489783
10.25,2.9856760308871766,3.0738069411658415,3.196663688951375,3.0950234270755375,3.5205533001720233,3.041385463473464,3.339430594060627,2.812500214710886,3.530729246295506,3.473013748439219,3.7731872906860597,3.812500214710886,2.423505009462883,2.5059671696548556,2.6214443870747917,3.485789287717225,3.515951258227478,3.3913246037137332,1.596659811855691,2.2698494955885824,2.14209394839021,3.4852385291872685,3.9107684022837543,3.4424888817279315,2.431296156971371,2.2357453478535643,2.212286375029575,3.2815490374666894,3.3900734942448585,3.7078137921687873,3.0934459816277307,3.080845944848097,2.877312550762965,3.4078272674617445,3.7155614807663526,3.467124451145517,2.8000475490128895,3.191472491069783,2.9762045041667164,3.1771171980927133,4.008994439284386,3.4036257279013933,2.2385980206470073,2.6879054220105973,2.8780083053905403,2.9475492386436173,3.5381583025059156,3.210583644477411,2.8254600056056542,3.8634993666248283,3.435893193842929,3.131887006952829,3.868852601119035,3.435893193842929,2.312970012231129,2.9910419173437663,2.708898688562268,3.667926907505962,4.258814242184224,2.9622829243623428,2.0216867313417897,2.2788445708389142,2.445494440248366,3.4323190515006323,2.5948720642865917,2.8735880923526556,1.201525202010414,1.5938426247891746,0.9564127041738821,1.9564127041738821,3.341076554409207,4.7561140536880515,5.064291323245968,5.2190814646907295,5.2718045682436445,4.831231976857663,5.53311222935797,5.292365890725961,2.2246292783003314,3.224629278300331,3.4905233382733654,4.786508165908446,3.2752553513702987,3.8984010459793432,-4.04931331801607,-2.04931331801607,-2.464350817294914,0.19861419542751513,1.038149523234269,1.7320463955085899,-2.0638984881709845,-3.385826583058347,-0.6853868649172554,-2.385826583058347,-3.385826583058347,0.19913591766280891,3.1010366958502393,3.823858107696176,3.609733302343328,3.2565542734715263,3.4253087312059005,3.5335616218579244,-1.877017922121559,-2.292055421400403,-3.877017922121559,2.943161040293629,1.3324354435073902,1.6148351742081157,-3.840178183754463,-1.840178183754463,-2.5182500888671004,-0.38074656511716576,-0.13973846561337133,0.017802811373108796,-1.3186056521654903,-5.019045370306582,-1.019045370306582,0.22888214313700317,-0.2641578681431138,-0.3186056521654903
11.0,3.10551580089318,3.10551580089318,3.3720307754619356,3.4063822802527124,3.9218038477207915,3.4063822802527124,3.2158559089420944,2.8732542457899823,3.492509924065016,3.180231999211373,3.820235863490491,3.781136043801551,2.5059671696548556,2.7110815995594684,2.693594172830627,3.485789287717225,3.8674236287288553,3.3913246037137332,1.9417952979043793,2.4532956366845142,2.3414027566136166,3.6256111855518207,3.6633308515009793,3.420629447764192,2.7078137921687873,2.5669512563289376,2.6738664602454496,3.7893436776653857,3.639101042084773,3.953974379438185,3.11832065026676,3.3032383661845452,3.080845944848097,3.73980902701303,3.884580551227004,3.6229953620302804,2.9426519444556902,3.2881485104814567,2.9595257630200864,3.391242003445561,4.087849859995625,3.510540931817905,2.3455132245635193,3.2796252889070625,2.930475725284676,3.19636978525771,3.6980296392843046,3.445048898114434,3.37699950478936,3.6500179991957764,3.618585491359119,3.209889518954102,4.00635612486897,3.7404042356528815,2.386970593674906,2.6010953990277534,2.8826657562989744,3.798396839401371,4.206638777171362,3.0650424987875433,2.0216867313417897,2.0564521495024666,3.1559878230533807,3.3079909164984307,2.7085288460821593,2.8735880923526556,1.0595061971379858,1.201525202010414,1.371450203452726,2.1084157976189326,3.3204662747339215,4.767579240181505,5.211903862617683,5.378226627379799,5.40679577957657,5.171775749912372,5.586813249191216,5.453188685061021,3.291743474158868,3.7748263608608106,3.714954904883412,4.966738175742497,3.546557373187693,3.9820589750262525,-4.04931331801607,-2.04931331801607,-0.464350817294914,0.9950808013423833,1.3082386866020137,1.9279666054838462,-2.0638984881709845,-3.385826583058347,-0.6853868649172554,-1.215901581616035,-2.0638984881709845,0.2580296067163772,3.865881322591882,4.5248444047568155,4.308269310015682,3.4253087312059005,4.277463263234507,3.8023783802857243,-1.877017922121559,-2.292055421400403,-3.877017922121559,3.4805340824965247,1.6775709295560786,1.4449101727658036,-2.0328232616968593,-1.840178183754463,-1.5182500888671004,-0.31661622769745,-0.08529068159099484,0.06671241185405563,-1.2116904482489783,-5.019045370306582,-0.06484905991970713,0.40721938439551586,-0.11215477469806334,-0.2116904482489783
11.75,3.397870780397195,3.3007720922921138,3.6552028268668053,3.662327261300187,4.057687275802564,3.6834918712982287,3.453250493617789,3.0282289057663228,3.5401279442977556,3.2391256882649415,3.796903359659867,3.707969631239579,2.6214443870747917,2.7954737868498407,2.5839696816561286,3.4445666249907125,3.943372481962154,3.43407425117307,2.2451874413543136,2.4532956366845142,2.364486369726658,3.5470777830051308,4.1151269007899405,3.6539929869216428,3.2927762928899433,3.2122863750295756,3.2927762928899433,4.139530032594262,4.139530032594262,4.281549037466689,3.080845944848097,3.4377804895633726,3.080845944848097,3.6658084455692532,3.90616741343515,3.7073875493206527,2.992692626955286,3.510540931817905,2.992692626955286,3.5444882637412425,4.191472491069783,3.713170098332923,2.3961392976334874,2.9475492386436173,2.6466827592840847,3.210583644477411,3.9044805167517316,3.5039425871680026,3.612215966483392,3.8581261945259766,3.8364311234266575,3.553588236512683,4.167076435415129,3.976912346976488,2.5244741174248406,2.7654822169286355,2.7654822169286355,3.8145767664568053,4.477824024126019,3.3355714411682613,2.4714896487813096,2.497024740888447,3.1398681576901035,3.697557728261156,2.834059728166018,3.090399481425804,1.4869274208726626,2.2238930150388683,1.4869274208726626,2.2459193213688673,3.234948203547864,4.486927420872663,5.171775749912372,5.444028685775545,5.504024650477455,5.145646018087719,5.6598424589553185,5.477334772392723,3.587199357685039,4.216016147995623,4.646093046738608,4.982058975026252,3.7980961401836577,4.3241649518512455,-0.049313318016070085,-1.464350817294914,-0.049313318016070085,1.1601400476128791,1.5945428717586543,2.179505372479811,-2.0638984881709845,-3.385826583058347,-0.6853868649172554,-1.3858265830583472,-2.385826583058347,0.3146131350827446,4.697681001619031,4.855489716745287,4.9100662496000975,4.180890003539454,4.9882449255970585,4.475934804275869,-1.877017922121559,-2.292055421400403,-3.877017922121559,3.6067978551426974,2.0537194154413267,1.707944578599597,-2.5182500888671004,-1.840178183754463,-1.840178183754463,-0.31661622769745,-0.08529068159099484,0.11401812663241184,-1.2116904482489783,-5.019045370306582,-1.019045370306582,0.8878452253019367,0.1508796311357301,-0.11215477469806334
12.5,3.5744201721507594,3.6408475338897355,3.765175668891937,3.879634393476852,4.176900434129945,3.909880680344972,3.317735522961308,3.0148083900040015,3.549465808877092,3.295709216631309,3.9171975933775793,3.880671717352465,2.7110815995594684,2.935955010399671,2.675892171097168,3.423505009462883,3.943372481962154,3.5258667270925605,2.1945613682843454,2.5369535657314235,2.409574259255196,3.567115536241676,3.871022223490998,3.577031005106759,3.5761697863583164,3.491002403095639,3.621399040351314,4.241550969534771,4.3690118787170285,4.400490110190197,3.27032374371181,3.4767746211792363,3.3247715277341863,3.731771707947612,4.20215224107023,3.787114741791387,2.9762045041667164,3.5332610083179885,3.008994439284386,3.6728123607167817,4.32116356770942,3.7230855671980057,2.4450488981144343,2.9131977338528405,2.7476116681348652,3.319518016030575,4.021974079770172,3.667441319450882,3.874186045422076,4.00635612486897,3.9619620055105162,3.852732935755758,4.4679940370099525,4.1929164403503885,2.6500049995086994,3.1439938401823655,2.8092035943579536,3.9378712583224287,4.4190714368419295,3.37973902444383,2.7515975679740454,2.7085288460821593,3.2339903350546537,3.629919011385793,2.930921267418607,3.218723578401343,1.4494527154539991,2.1322625395732997,1.4494527154539991,2.391349760890431,3.468311742705315,5.126337705616194,4.978073365186934,5.450141809502157,5.55879887302162,5.023877054800059,5.7714597563402945,5.459263199470706,4.786508165908446,4.1632287336361875,4.751175092796165,4.684060896937629,4.2999174056045675,4.504737197493066,0.8575772775924486,0.03814952323426901,0.5945428717586543,1.4425397783136047,1.8575772775924486,2.272614776871292,-2.0638984881709845,-3.385826583058347,-0.6853868649172554,-1.3858265830583472,-2.800864082337191,0.2580296067163772,4.94315703606852,5.098101404825693,5.150044036586695,4.916745405237725,5.183661752789508,4.936599320046358,-1.877017922121559,-2.292055421400403,-3.877017922121559,3.677570929556078,2.351800768374322,2.1890712683362135,-2.840178183754463,-1.840178183754463,-2.0328232616968593,-0.31661622769745,-0.03282326169685934,0.11401812663241184,-1.3186056521654903,-5.019045370306582,-0.6971172754192194,0.980954629693418,0.40721938439551586,-0.06484905991970713
13.25,3.690478301614336,3.879634393476852,3.8673560636984154,3.9856760308871766,4.300772092292114,3.979984918809321,3.339430594060627,3.1437061231862593,3.5952694984902167,3.402624420547821,3.980700535683737,3.757157180867111,2.7789856640612713,3.0225426953957615,2.7623069229146413,3.5744469075376224,4.008467510184039,3.5648608587084243,2.2940970418352604,2.6160251367226226,2.3872064462267417,3.557131447669054,3.902906284510784,3.567115536241676,3.903600856923066,3.8437914616877618,3.8740060747347695,4.347638227924461,4.481221382303054,4.481221382303054,3.3772389476283218,3.6402733534621157,3.345988013643882,3.699167042515684,4.148822738664103,3.8478687728704832,3.07241981942602,3.599350198775761,3.1331738505051163,3.7620796988138694,4.327676874668095,3.8000475490128895,2.3961392976334874,3.077317113613947,2.7669769930017964,3.432976065813859,4.077317113613947,3.7860858159495008,3.916158315897392,4.2878920309553745,4.039964517511789,3.9669626865688827,4.811627732426085,4.230828856646465,2.685628909239421,2.9910419173437663,2.8516388606783503,3.7710204004700656,3.8145767664568053,3.3504447176497916,3.123566345361003,3.2640475689108337,3.2339903350546537,3.629919011385793,3.0039847296083306,3.4454944402483654,-3.798474797989586,-3.798474797989586,1.5938426247891746,2.449452715453999,3.3512723215150957,5.155721512397289,4.812372949606347,5.468327281898942,5.614293985613323,5.036120650554806,5.812372949606347,5.390993923453677,4.854679668550025,-3.1676881444784293,4.6902928506491435,4.46166847560118,4.2999174056045675,4.417274356242727,1.474248638040943,1.474248638040943,0.9048829923708048,1.5653965260991383,2.120611683426242,2.3600776181216316,-2.0638984881709845,-3.385826583058347,-4.385826583058347,-1.3858265830583472,-4.385826583058347,0.2580296067163772,5.1946958030644845,5.272264356560187,5.328447191953312,5.12141819584826,5.382523864709104,5.1697494459342535,-1.877017922121559,-2.292055421400403,-3.877017922121559,3.7668382676531658,2.692837686209389,2.2727291973831227,-4.840178183754463,-1.840178183754463,-4.840178183754463,-0.31661622769745,-0.03282326169685934,0.11401812663241184,-5.019045370306582,-5.019045370306582,-5.019045370306582,0.9351509400802929,-0.06484905991970713,-0.16106437517901018
14.0,3.7914072104651164,3.974271267614927,3.891809107422954,4.126274361059977,4.410619273139183,4.126274361059977,3.339430594060627,3.168159166910798,3.657045696076907,3.482794769231804,4.06775726995296,4.198153907208635,2.811775599178941,3.0909296703760116,2.7283595909913037,3.6306629171041704,4.029529125711869,3.675892171097168,2.2698494955885824,2.5966598118556914,2.431600565585195,3.6160251367226226,3.979663483494822,3.557131447669054,4.082448937386994,4.088903959524293,3.8665115381878454,4.4514740389090015,4.589888067606097,4.505550711664794,3.4377804895633726,3.6142781449291714,3.4377804895633726,3.787114741791387,4.190470436022595,3.9483956488244476,3.162617628397598,3.713170098332923,3.2337007264590807,3.8278817572096155,4.366151022482731,3.8908130129360723,2.4208013518677562,3.152868146621124,2.8049448432008166,3.5715813040433657,4.2592574912131,3.9131977338528405,4.058823544763105,4.589698529921964,4.145183829566287,4.104919959352559,4.874186045422076,4.446673032596172,2.7654822169286355,2.9910419173437663,3.009900944595082,4.1439938401823655,4.02851662276243,3.429614931083399,3.2640475689108337,3.2339903350546537,3.2032935378317373,3.629919011385793,3.1398681576901035,3.629919011385793,-3.798474797989586,-3.798474797989586,1.6933782983400887,2.6109161381481156,3.6193777168963117,5.1586272435727,4.641261033213593,5.471336031771281,5.646594477516634,5.064291323245968,5.950307836804223,5.434810155746167,4.966738175742497,-3.1676881444784293,4.774826360860811,4.882160404972132,4.241702791659272,4.355873811578583,1.7580416040415336,1.7835766961486712,1.3769514366860278,1.4101183006212272,2.236088900846178,2.325726113330855,-2.0638984881709845,-3.385826583058347,-4.385826583058347,-1.800864082337191,-4.385826583058347,0.2580296067163772,5.363093334760203,5.46458387993934,5.518271750833329,5.358194535347364,5.5116690160090815,5.36797555613995,-1.877017922121559,-3.877017922121559,-1.0696630000639553,3.844081266585626,2.85090253244164,2.6307767180771373,-4.840178183754463,-1.840178183754463,-4.840178183754463,-0.31661622769745,0.017802811373108796,0.11401812663241184,-5.019045370306582,-5.019045370306582,-5.019045370306582,0.504516585750431,-0.2116904482489783,-0.3186056521654903
14.75,3.854972339242583,4.063080534572784,3.9913447809738685,4.225810034610891,4.543885804002647,4.2209930183131155,3.339430594060627,3.2158559089420944,3.674220839885039,3.5771221517799576,4.131322398730427,4.087122594819892,2.8438368084112398,3.10422649298947,2.811775599178941,3.675892171097168,4.097593400657022,3.7197464606865958,2.409574259255196,2.67260866508899,2.516489463171708,3.586878791063106,3.979663483494822,3.7535286604725577,4.075964903816795,4.082448937386994,4.200412274741284,4.543643882836869,4.660927404537952,4.621399040351314,3.3875072830821487,3.7793373911996673,3.4958834441269406,3.855286244432966,4.247955930683355,3.9961487802728155,3.191472491069783,3.8186632271802368,3.2337007264590807,3.8908130129360723,4.434127816298737,3.9255784310967488,2.515438226005832,3.152868146621124,2.823560521368164,3.71806739252085,4.266078757069115,4.045952942704612,4.131887006952828,4.677733377407599,4.295862742063955,4.263712218460248,4.974431357472733,4.482034975487649,2.8305772451505207,2.9910419173437663,3.1439938401823655,3.9378712583224287,4.055997359184536,3.7765374054376313,3.3783802443898283,3.3365600686952015,3.3223462094755005,3.641414650223622,3.1398681576901035,3.7934177436686722,-3.798474797989586,-3.798474797989586,1.78648770273157,2.78648770273157,3.7406840131184453,5.39381801648118,4.397335450327503,5.509889272540674,5.741864974151999,5.145646018087719,6.04017886712916,5.5531301229349275,5.046630976322336,-3.1676881444784293,4.820996542293736,4.525798813020896,4.4689364760652195,4.386900707199208,1.8086676771115018,2.0799696989288963,1.8086676771115018,1.4101183006212272,2.325726113330855,2.7708656443991178,-2.0638984881709845,-3.385826583058347,-4.385826583058347,-1.800864082337191,-4.385826583058347,0.3146131350827446,5.567913126648701,5.638302454540099,5.658368077594204,5.5248444047568155,5.6801226302347265,5.5072503447420775,-1.877017922121559,-2.292055421400403,-0.5550898272341964,3.9043417914031004,2.9933467974618457,2.809482605061659,-4.840178183754463,-1.840178183754463,-4.840178183754463,-0.31661622769745,0.06671241185405563,0.11401812663241184,-5.019045370306582,-5.019045370306582,-5.019045370306582,0.8878452253019367,-0.019045370306582043,-0.16106437517901018
15.5,3.951187654501886,4.121112655944199,4.0522737796162005,4.363313558360827,4.700894917559674,4.350138169613093,3.4128927560016478,3.2845686590261085,3.707969631239579,3.6656588263816148,4.215855908942094,3.9944405923100397,2.9210046689336995,3.1815322191569186,2.811775599178941,3.7623069229146413,4.175245956309487,3.811775599178941,2.431600565585195,2.7447584508448255,2.577031005106759,3.6445942889193934,3.9570620545576896,3.7447584508448255,4.212286375029576,4.088903959524293,4.5007175579288505,4.652236444273907,4.877738793611099,4.678153818648548,3.5333581495456037,3.8178115390143033,3.578872808797972,3.9690551193905406,4.3140451211411275,4.130598980045196,3.3406159303755927,3.8995832225638045,3.4401516039265068,3.992692626955286,4.521945695090155,3.9762045041667164,2.5381583025059156,3.077317113613947,2.930475725284676,3.7669769930017964,4.293045804669384,4.085052762393552,4.243248115900533,4.7138779411426945,4.384494041336285,4.5097134271346,5.13855073723384,4.719814966150546,3.000502246592833,3.109436618145997,3.2822732150082126,4.082964406784805,4.19432551573251,3.619631350465181,3.629919011385793,3.571025322332224,3.47148964878131,3.6865025397521602,3.2032935378317373,3.967915474900809,2.5413752048950387,2.8739505439819095,2.1788051255103302,2.942992188411561,3.793982239278494,5.4279373947992,4.332629760939689,5.58958499844127,5.786032557427567,5.268349009607426,6.1304994743338534,5.706552493465312,5.103774883425945,4.7026765751049755,4.763049193084457,4.7026765751049755,4.439642169271181,4.250164370407468,2.198614195427515,2.4425397783136047,2.254467430161033,1.95068668198393,2.3082386866020137,3.418292232066927,-2.0638984881709845,-3.385826583058347,-0.5784716610007434,-1.215901581616035,-1.3858265830583472,0.3146131350827446,5.884740349843198,5.894924121829289,5.800573883438976,5.720764614732072,5.855489716745287,5.6976810016190305,-1.0696630000639553,0.5152995006572016,0.8778695800419092,4.071349309463118,3.389768618573342,3.111666764650607,-3.840178183754463,-1.840178183754463,-4.840178183754463,-0.38074656511716576,0.06671241185405563,0.06671241185405563,-1.84912036886427,-5.019045370306582,-1.6971172754192194,1.0033224427218723,0.11023764663838431,-0.16106437517901018
16.25,4.079140385468882,4.235396083440089,4.166916345557323,4.376369711186273,4.676471443620457,4.452318564419571,3.453250493617789,3.360804244853194,3.7409469536858517,3.7162848994515825,4.227537713989729,4.0547011171275145,2.965398788292153,3.2429327638210617,2.9058977765434912,3.8438368084112398,4.212559114777543,3.9284992054806236,2.557131447669054,2.8301499420754697,2.577031005106759,3.770910738700794,3.994536759976352,3.8134712009288396,4.52472302093964,4.566951256328938,4.519953776791768,4.797248875750732,5.016258657692528,4.82070784857472,3.6908994265320834,3.9344564578665735,3.7073875493206527,4.099704972099413,4.44762827551972,4.196323162268033,3.4990452929800755,4.025114104647663,3.809385413592226,4.04896084660203,4.577655127676442,4.103116616648936,2.667441319450882,3.2796252889070625,2.9644230572080135,3.886886456736993,4.326060861897347,4.069539763022227,4.3993673178178145,4.786390440927062,4.513136192775389,4.634387347482012,5.2329061716790735,5.001490369697153,3.1777426315369057,3.2188478348665788,3.274495864416493,4.2269301811644375,4.06052701766505,3.582318191997125,3.7085288460821593,3.67536198214696,3.5829979639983005,3.7830757994472135,3.3223462094755005,4.047839019197758,2.7250871580674265,2.9959410683605197,2.430343892506295,3.167309486672501,3.8597366847622085,5.514408157294769,4.459263199470705,5.643930219989578,5.85446428309538,5.3226686508894865,6.162497936324362,5.726836764919667,5.051480375983732,4.6396667775791745,4.832311855521571,4.849120143208125,4.567021475747409,4.3480116938056135,2.1601400476128796,2.5653965260991383,2.5505995241710577,2.376951436686028,2.4898454930919613,3.637187209167148,-2.0638984881709845,-3.385826583058347,-0.13789906961476195,-1.215901581616035,-4.385826583058347,0.36906091910512107,5.9882449255970585,6.01494771913653,5.8710491909508224,5.903356028010545,6.005579536602335,5.832714458656683,-0.1765782039804673,1.0298726734869597,1.3709095913220262,4.071349309463118,3.3324354435073906,2.9809630730060133,-3.840178183754463,-1.840178183754463,-4.840178183754463,-0.31661622769745,0.15982181624553693,0.15982181624553693,-2.434082869585426,-5.019045370306582,-1.434082869585426,0.565917130414574,-0.2641578681431138,-0.3186056521654903
17.0,4.141649586946893,4.305330374254417,4.2209930183131155,4.496837231198215,4.8673560636984154,4.581953844836167,3.482794769231804,3.4332127403812436,3.812500214710886,3.812500214710886,4.2733414036028545,4.087122594819892,3.0639626227757426,3.3472694236357974,3.008467510184039,3.913470996248292,4.30182645287463,3.913470996248292,2.67260866508899,2.8790595425564165,2.709134541114104,3.788085882508926,3.979663483494822,3.8629398771931394,4.740980656103987,4.797248875750732,4.690939973604391,4.92900746392161,5.11759939252476,4.896258881581898,3.8025447823609926,4.087159718780299,3.8626657747985638,4.178693268246242,4.5517366788604585,4.340713071603208,3.5666840098554387,4.212741107823435,3.8641778864326053,4.118223509039145,4.672812360716782,4.140591322067599,2.7080833039482277,3.396139297633488,3.1231208032270716,3.9390377387881,4.33905820242622,4.145488616255526,4.499396136149087,4.887434026860761,4.566824063669378,4.7750305787625145,5.3273123806890075,4.936695246900086,3.312970012231129,3.343027246087309,3.2429602909833863,4.32054323193593,4.100666408518265,3.7765374054376313,3.8638070715600703,3.8138818462283877,3.7302239171814784,3.8138818462283877,3.419022228887174,4.115345838556035,3.0217041644256017,3.201525202010414,2.6772586329768115,3.3512723215150957,3.936234822236252,5.660956820647711,4.614293985613323,5.7293523628384495,5.9631891281009555,5.387812676208997,6.12095149083469,5.783613956624923,4.987129964573675,4.780679087106249,4.849120143208125,4.930343938482098,4.553411044228756,4.3480116938056135,2.393630177832658,2.939371368756096,2.8695499192585245,2.7708656443991178,2.637187209167148,4.090238034382724,-1.215901581616035,-0.5784716610007434,0.6141734169416528,-0.9263949644210498,-0.8008640823371911,0.4721544120692247,6.102502104854738,6.102502104854738,5.9267065152879255,6.086300152593341,6.14151576520531,5.9642660626626185,1.122982077878441,1.8509025324416397,2.0298726734869597,4.199797674929272,3.6698765377660774,3.3421505983406026,-4.840178183754463,-1.840178183754463,-4.840178183754463,-0.255215683033307,0.20421593560399032,0.20421593560399032,-3.434082869585426,-5.019045370306582,-0.2641578681431138,0.6813943478345097,-0.16106437517901018,-0.2116904482489783
17.75,4.206444709743961,4.414843859000909,4.336841346999636,4.524468350175407,4.9395058494542505,4.662327261300187,3.6131914064874793,3.5212689170464397,3.9099660241465033,3.895393223059231,4.60873175829678,4.344803766159479,3.168932182377285,3.4653251851575098,3.130458034562649,4.230859931520486,4.3749611575048455,4.022542695395762,2.7447584508448255,3.0454179289785364,2.941795297904379,3.8134712009288396,4.045417928978536,3.902906284510784,4.899934539725296,4.789343677665386,4.757282468433087,5.123899380880498,5.453976546112171,5.2328337524336614,3.9961487802728155,4.4078272674617445,4.035858490074787,4.264764218369909,4.847868772870483,4.412862857359043,3.75242952878015,4.9762045041667164,3.9762045041667164,4.219761535501206,4.864177886432605,4.205686350289485,2.9644230572080135,3.45702153978051,3.1820144922806404,3.9644230572080135,4.439025110486664,4.203494219691092,4.63752705501258,4.951908340846593,4.680780252966463,4.858126194525976,5.352369838280645,5.063500031972579,3.2900088637878175,3.4366013613995063,3.3504447176497916,3.9957798363504295,4.2509090440988775,3.8092035943579536,3.8735880923526556,3.8138818462283877,3.7409503237745367,3.9402591319979434,3.5344994463071107,4.1639806138069115,-3.798474797989586,-3.798474797989586,2.9959410683605197,3.523453296897776,4.084168251372255,4.138163141012985,4.714192555667443,5.749320779071046,5.999073663799487,5.468327281898942,6.103604247270793,5.58958499844127,4.792313787589652,-3.1676881444784293,4.832311855521571,4.518812382704789,4.871230844813873,4.409740683557319,2.4742486380409425,3.0059691174851197,3.2080745246765816,3.198614195427515,2.833329731345771,4.376951436686028,-2.0638984881709845,-1.0638984881709845,-4.385826583058347,-0.5784716610007434,-4.385826583058347,0.4721544120692247,6.180890003539454,6.1891893267579405,6.024255461362758,6.180890003539454,6.243330578315361,6.109806905477972,1.1673761972368943,2.3324354435073906,2.370909591322026,4.28285341465683,3.9173979442285467,3.590587627961438,-4.840178183754463,-1.840178183754463,-4.840178183754463,-0.31661622769745,0.24728465749587603,0.24728465749587603,-5.019045370306582,-5.019045370306582,-5.019045370306582,0.9351509400802929,0.44038624833071527,-0.11215477469806334
18.5,4.385008629460145,4.644449770569931,4.480807121379267,4.637236280337357,5.027658480361952,4.72150519723496,3.724552515435183,3.674220839885039,4.028228905766323,3.980700535683737,4.468098258025102,4.2391256882649415,3.3584099812409978,3.693594172830627,3.2667795057754296,4.236908976193291,4.485789287717225,4.136942068132848,2.926365257334773,3.168566159751401,3.101451963892864,3.949448870447814,4.128673432627888,4.00191629034195,5.072711926021707,5.049733362243615,4.921793973689035,5.493437332012693,5.67386646024545,5.543643882836869,4.31941829323998,4.719631145075399,4.361698096732544,4.366897003406863,5.084006285741426,4.491129914156306,3.967889235954713,5.118223509039145,4.254360197025173,4.267970628543827,5.095503432539061,4.3598094956089035,3.1231208032270716,3.6149738995567464,3.306342627282842,3.989369414338244,4.532511739364773,4.224658829689133,4.728674943070775,5.001490369697153,4.7778789410715445,5.0208556945640845,5.525052325754166,5.228748546205417,3.422594503405627,3.4642135926073663,3.4778240241260194,4.242960290983387,4.32054323193593,3.8516388606783503,3.949536945585954,3.8735880923526556,3.7934177436686722,4.030456940969522,3.67536198214696,4.226377150944778,3.2238930150388683,3.341076554409207,3.167309486672501,3.6193777168963117,4.149892433595092,4.4729882299147885,4.930767650408578,5.7592022905850095,6.05429339660206,5.614293985613323,6.145646018087719,5.800459628062846,4.6396667775791745,4.763049193084457,4.768949794524142,4.7331786635023185,4.587199357685039,4.476168045296296,2.7188710067608564,3.1305957719988644,3.4742486380409425,3.4898454930919613,3.0167758724417024,4.520542290314878,-1.5784716610007434,-0.6853868649172554,0.7016362581919919,-0.13789906961476195,-0.215901581616035,0.5683697273285278,6.236672998245649,6.259184529516198,6.08333469411678,6.231324725055207,6.294231476615399,6.204281851893683,1.5152995006572016,3.065496583217681,3.005625127240282,4.484925851613682,3.871174927467901,3.7596066984220897,-3.255215683033307,-1.840178183754463,-1.840178183754463,-0.31661622769745,0.2891048331905033,0.15982181624553693,-1.6971172754192194,-5.019045370306582,-0.7711178568629968,0.7883095517510217,-0.019045370306582043,-0.2641578681431138
19.25,4.738458330516158,4.933629283117581,4.823539831405926,4.693958870349298,5.321171890733751,4.8948368001205225,4.034892636047333,3.8732542457899823,4.306764405140305,4.074241303523159,4.703793955268386,4.339430594060627,3.485789287717225,4.036481886353636,3.485789287717225,4.290238478599418,4.657970263099906,4.242932763821061,3.00191629034195,3.2575711658101465,3.1816223125768475,3.9646352742624904,4.275949695125001,4.087646164367834,5.221128251781383,5.1793944934722,5.16419208682853,5.66741143810815,5.807069846561759,5.699401552352588,4.614278144929171,4.962201448349478,4.674220685385453,4.640273353462115,5.2950798427973815,4.699167042515684,4.169885628861637,5.209218041259737,4.434127816298737,4.409777954882989,5.32116356770942,4.463998345880874,3.2660787570691148,3.823560521368164,3.432976065813859,4.053858140789957,4.71806739252085,4.332574168856022,4.8418855535187655,5.175741296542256,4.828210616621689,5.125192354378821,5.528438935386494,5.325366736374038,3.5504693259577853,3.6738517414630674,3.582318191997125,4.301535117168846,4.177742631536906,3.9080213305758686,4.06501416300589,3.977017682008061,3.912062240167291,4.147950503987962,3.7302239171814784,4.241563554759455,3.361396538788803,3.430343892506295,3.361396538788803,3.717225040294456,4.155721512397289,4.207149751204292,5.182830938421368,5.709103678994644,6.068271174158513,5.734370437605074,6.19562249186674,5.8908749232850655,4.6396667775791745,4.820996542293736,4.757124359127351,4.757124359127351,4.607098915122744,4.587199357685039,2.98410968352138,3.2080745246765816,3.6160225991691064,3.6231120239554255,3.217473222678831,4.576395525048396,-0.8008640823371911,-0.06389848817098454,1.199135917662809,0.006490839720413533,0.3146131350827446,0.6141734169416528,6.272264356560187,6.310807032817581,6.157112620256328,6.276165291900091,6.352047551012214,6.2865165114873935,2.0298726734869597,3.6307767180771373,3.7303123916280514,4.4980215092253655,3.9558720920431827,4.065496583217681,-2.840178183754463,-1.840178183754463,-1.840178183754463,-0.255215683033307,0.36927518187448616,0.24728465749587603,-1.434082869585426,-5.019045370306582,-0.8491203688642699,0.5956644738086263,0.06841747094375705,-0.2116904482489783
20.0,4.9453585756996885,5.100279152527032,5.030414345652461,4.836195132211954,5.486839304554309,5.046839893565572,4.25062132710277,4.155984452964695,4.530729246295506,4.215855908942094,5.014808390004001,4.554112173733457,3.7283595909913037,4.272680107215114,3.770670395849268,4.385890717663105,4.913470996248292,4.490860277264647,3.07370697340996,3.5061475189502493,3.3060696835013363,3.972168946947898,4.521632766447668,4.161993505827915,5.3286729495807155,5.298357325153243,5.295569507781624,5.734819671477313,5.887028555528358,5.757282468433087,4.851582275669547,5.148822738664104,4.895414357138276,4.880951127826313,5.583346285377281,4.975876385246554,4.4816282399026655,5.425044711536298,4.814031778448591,4.631293091278515,5.5332610083179885,4.732933353154353,3.306342627282842,4.045952942704612,3.5493855579291695,4.100400726726988,4.951786231530088,4.480672807845155,4.974431357472733,5.367576250902735,5.063500031972579,5.153980777803445,5.635958055357238,5.4679940370099525,3.737467840759039,3.897932512952285,3.5948634453162387,4.450473535981064,4.152505340037883,4.1050581776354225,4.171929366922402,4.115345838556035,4.012862880954783,4.203293537831737,3.7409503237745367,4.278844570838914,-3.798474797989586,-3.798474797989586,3.4011975468467783,3.7713808103413617,4.161527134078495,4.207149751204292,5.38462439857795,5.8028501754878405,6.060300463049932,5.8405698414369995,6.247440019844444,5.975956424174833,4.671515643618514,-3.1676881444784293,4.7392024511300885,4.7026765751049755,4.7026765751049755,4.70882880208657,3.1698552024460915,3.376951436686028,3.910688614052011,3.9785926785538144,3.3685391968698277,4.612464779755917,-0.215901581616035,0.42152833899925657,-4.385826583058347,0.006490839720413533,-4.385826583058347,0.7016362581919919,6.298073542909793,6.33469533961849,6.201549474105547,6.287805207455966,6.365536510688532,6.317131878725478,2.5987155088448386,4.0117253267767,3.9747311192944985,4.536610006902613,4.134209333301695,4.3028911678933754,-4.840178183754463,-1.840178183754463,-4.840178183754463,-0.255215683033307,0.40774932968912214,0.2891048331905033,-5.019045370306582,-5.019045370306582,-5.019045370306582,0.1508796311357301,-0.11215477469806334,0.504516585750431
20.75,5.118524861455042,5.25201991393374,5.2185784653798155,5.159382672871915,5.578191926039968,5.318919439002373,4.492509924065016,4.412892756001648,4.749074834569252,4.502160094098736,5.074241303523159,4.740946953685852,4.084235017802003,4.540613312461747,4.136942068132848,4.593430010905195,5.133703694066304,4.778985664061271,3.3872064462267417,3.8790595425564165,3.700089401511097,4.101451963892864,4.854811996309739,4.490494254638763,5.5853297856437925,5.596698599722989,5.54833557816159,5.78537477546244,5.994076037906512,5.860864975046703,5.055310852740959,5.3113510119718645,5.0649395539387365,5.1275391802961385,5.590030598682494,5.213740215345442,4.8000475490128895,5.577655127676442,5.037086746313739,4.868651363011914,5.667687328538914,4.996785381589168,3.4806728078451554,4.389907343921973,4.053858140789957,4.217638402011362,5.152868146621124,4.6519004685551035,5.218301758770302,5.47678562448983,5.243248115900533,5.190780696006398,5.703428991911664,5.56022132884513,3.9815191432252597,4.074031282014798,3.7710204004700656,4.703116335968262,4.827922791704543,4.270591409960577,4.293491346803315,4.233990335054654,4.123566345361003,4.343614826229151,3.824006063502095,4.3223462094755005,3.486927420872662,3.5590772066284977,3.523453296897776,3.8235770214667903,4.173068755961186,4.218333489696968,5.561624917100383,5.913173590393839,6.1380926236560835,5.943823803234024,6.337584642882453,6.088007392219775,4.652490817936759,4.876705974880024,4.70882880208657,4.7026765751049755,4.7331786635023185,4.820996542293736,3.2905366848685547,3.5205422903148778,4.110558018762319,4.105504791036034,3.4975811418715663,4.7155582727200205,-0.215901581616035,0.6141734169416528,1.5449107545045386,0.42152833899925657,0.784098418383965,0.7434564338866192,6.358194535347364,6.388542626216633,6.272264356560187,6.363093334760203,6.429985218415374,6.389743371222185,3.2104449191287805,4.257408398099367,4.29790776037912,4.677570929556078,4.342150598340602,4.480534082496525,-2.840178183754463,-1.840178183754463,-1.670253182312151,-0.255215683033307,0.48174991113289956,0.3297468176878491,-2.019045370306582,-5.019045370306582,-0.931582529056243,0.06841747094375705,-0.3186056521654903,-0.3751891805318577
21.5,5.230611020874712,5.365497805622702,5.4127331124051015,5.341287252030828,5.624525228587802,5.444074570324663,4.657045696076906,4.599770890725157,4.902698023682464,4.77318729068606,5.323189953053416,5.0181752411024,4.347269423635797,4.732646949394402,4.385890717663105,4.847794821979923,5.338857183819598,4.99782026598453,3.690987194403845,4.181622312576847,4.052542363411918,4.2880732542074895,5.0876461643678335,4.681827195118369,5.749154587549687,5.763348469132441,5.707813792168787,5.795276633419126,6.006062890586639,5.946884954651866,5.222370520488883,5.425375468672592,5.216622723878563,5.2868749199756575,5.697104576058791,5.327440714510171,5.060738014378384,5.725553822788755,5.257774861437938,5.155312827774365,5.762079698813869,5.264580039343052,3.657099375229423,4.687905422010598,4.013891733472313,4.326060861897347,5.319518016030575,4.873548657199841,5.331195815176235,5.5233560350932684,5.361892612399152,5.3580910422392956,5.730146330287443,5.597780876219823,4.222894667929281,4.32054323193593,3.976734080659883,4.694399118867153,5.080736305892689,4.501337618626906,4.465034626644011,4.3852339154308915,4.271465040473316,4.497024740888447,3.8929534172195868,4.392055181286905,3.523453296897776,3.576564633357339,3.5502533562414915,3.8668611191955904,4.195878638869272,4.267614392468186,5.701436548242992,5.994897987828294,6.190154279227228,6.048261213427018,6.38462439857795,6.202881350153234,4.677801906465946,4.893007787209124,4.7392024511300885,4.4247688927896505,4.757124359127351,4.94605402157076,3.3600776181216316,3.6088981647357246,4.263569637268285,4.303833507482013,3.5873113025275787,4.881424019546817,-0.29836374180800806,0.6585675363001062,1.9540234198262776,0.5683697273285278,1.0064908397204135,0.8236267825706021,6.413550760329729,6.419441724173905,6.320913519267904,6.399313522672957,6.4531429394026265,6.426479274913839,3.654363538394753,4.3944451057828156,4.444910172765804,4.654363538394753,4.730312391628051,4.650459083938837,-3.255215683033307,-1.840178183754463,-2.0328232616968593,-0.1963219939797387,0.5860865709476348,0.36927518187448616,-2.6971172754192194,-5.019045370306582,-1.5596137516692847,0.33850663431150174,-0.019045370306582043,-0.2116904482489783
22.25,5.3030530335433514,5.472724775081408,5.478790775780762,5.435783196693271,5.637236280337357,5.524468350175407,4.843197011933802,4.789041241886897,5.061243962994286,4.984147837302206,5.448267086103533,5.168159166910798,4.607505196116918,4.9322319243569535,4.621444387074792,5.057141356919728,5.47046848843347,5.20948628072792,4.0238310667703905,4.485238529187269,4.352990730888829,4.495730903004911,5.282024209534685,4.949448870447815,5.843791461687762,5.8418818716791305,5.789343677665386,5.807069846561759,5.969799346599867,5.912726093170668,5.316734208668768,5.495883444126941,5.3140451211411275,5.415374076515093,5.737803891122653,5.405302866046198,5.271353267938479,5.728017862740236,5.412844257930772,5.340615930375593,5.818663227180236,5.452124245592583,3.930475725284676,4.985241528715568,4.364706789796831,4.781332285978866,5.396139297633487,5.09657901577458,5.384494041336285,5.566824063669378,5.419570888540996,5.466229272213887,5.747686911596578,5.6280873591262734,4.4296149310834,4.517901463501355,4.521191533435539,4.8749713645089745,4.7346362499758765,4.670892365982523,4.697557728261156,4.588947230329486,4.465034626644011,4.72483065841126,4.02168673134179,4.477915917940743,3.5413752048950387,3.6109161381481156,3.56784741625623,3.9088843340912964,4.240444191302716,4.288988043260753,5.819474005981491,6.099720812783565,6.280407426417906,6.143761373742776,6.4177549915664365,6.266618121528309,4.7331786635023185,4.961594872466537,4.792313787589652,4.757124359127351,4.815305430215881,5.065931532281272,3.4101183006212272,3.678607136547129,4.338703967329065,4.434502459248186,3.651126400125022,4.961913937407184,-0.06389848817098454,0.784098418383965,2.2435300370212623,0.784098418383965,2.07360503557895,0.862100930385238,6.460018385493548,6.445079952118957,6.3221718665268245,6.442767940340669,6.487197117838947,6.461161114298552,4.0056251272402825,4.5617739304567015,4.6814027911471054,4.864449064279588,4.901059207413799,4.857691698104279,-2.5182500888671004,-1.840178183754463,-1.840178183754463,-0.255215683033307,0.6192534348828342,0.40774932968912214,-2.2116904482489783,-5.019045370306582,-1.3186056521654903,0.3028827245807806,0.26635684855566666,-0.2641578681431138
23.0,5.361125999123063,5.568743987618556,5.551580195792648,5.486839304554309,5.6676475932334505,5.591315948039858,5.004660434627919,4.956335987284538,5.198153907208635,5.152924653215638,5.572549421990133,5.312260392895157,4.847794821979923,5.120677013770064,4.867423628728855,5.239924013948723,5.586340586118876,5.3667093044594845,4.404014733913296,4.749150219961983,4.630380429699692,4.9029062845107845,5.428865597863957,5.168566159751402,5.877738793611099,5.87400607473477,5.826513470255926,5.8303709459254405,6.024700431579189,5.987181424828104,5.4078272674617445,5.547163949070634,5.412862857359043,5.510050776053535,5.790987750938593,5.554017620111697,5.397447152972269,5.781188521761574,5.519102945321329,5.45807351192377,5.857441554936729,5.574920159955203,4.279625288907063,5.119358884430873,4.698029639284305,4.855570916270785,5.468895640068801,5.293045804669384,5.426848054239922,5.591318625590126,5.459148546143232,5.5097134271346,5.7505897194992155,5.635958055357238,4.582318191997125,4.661977641174776,4.594863445316239,4.9105325497319186,4.784773555537396,4.784773555537396,4.958755475615333,4.839060409224384,4.713983276174267,5.008430634639523,4.203293537831737,4.612501958308384,3.514408157294769,3.6527363138427424,3.756114053688051,3.9088843340912964,4.3913497608904315,4.3359515222313405,5.932951897670454,6.180994279941752,6.340878468607495,6.204690372385108,6.445559396837859,6.304226045936022,4.798096140183658,5.070716594846649,4.909127452572402,5.04176522115052,4.876705974880024,5.198634069767387,3.4425397783136047,3.7515865819042347,4.485962058604733,4.550599524171058,3.692153668385077,5.030171465810746,-0.29836374180800806,0.7434564338866192,2.4343523793568407,1.137735372998666,2.568369727328528,0.8995756358039015,6.495028750321254,6.477065000213723,6.353279044933247,6.477065000213723,6.5039274372287945,6.491677540821616,4.02987267348696,4.692837686209389,4.77403376905737,5.032875161648483,5.047794581484222,4.923881977798746,-1.5182500888671004,-1.840178183754463,-0.9332875881459444,-0.255215683033307,0.7144106679231745,0.48174991113289956,-1.3186056521654903,-2.019045370306582,-0.6971172754192194,-0.019045370306582043,-0.019045370306582043,-0.3751891805318577
23.75,5.387160300315195,5.631802394286728,5.608016141422363,5.518591783838738,5.671183612260694,5.609859841406052,5.146785516118231,5.090325026858236,5.301247400172739,5.306764405140305,5.551790861823336,5.410332515683084,4.994253650964338,5.230859931520487,5.019036751894227,5.3694651697499935,5.664717095540491,5.490860277264647,4.644594288919393,4.914683452287138,4.80505896111264,5.034664872681662,5.531864689058624,5.309047383301232,5.9145442346096475,5.890727775608669,5.85708828430122,5.85708828430122,6.033093096555787,5.988908169547572,5.467124451145517,5.592251838599172,5.479177111394541,5.596684084914433,5.8006250281976275,5.56762805163035,5.45807351192377,5.795355853688168,5.566684009855439,5.527614445176846,5.8775569162338055,5.644396678552695,4.554966590192469,5.160210121962292,4.9432997656422595,5.053858140789957,5.512572892311443,5.386781242935253,5.434088696996181,5.602608638809351,5.443088695247133,5.541906431465048,5.74913904563049,5.637527055012579,4.700216445462467,4.743114403900181,4.685628909239421,4.923023493915116,4.918040086400859,4.85945836513765,5.207166546978944,5.1398681576901035,5.017281552221789,5.237781914217027,4.3645744448647985,4.81895283577581,3.5590772066284977,3.7093198422091103,3.6109161381481156,3.922624390717599,4.425526876208519,4.366432128686101,6.017716070173385,6.245683847940566,6.398916486146984,6.273529248713106,6.460777840072704,6.3259966686072415,4.91977469677191,5.126932604413198,4.882160404972132,5.051480375983732,4.935599663933592,5.3120921195506705,3.505275533661567,3.857577277592448,4.520542290314878,4.580043302063539,3.7385892413753616,5.120611683426242,0.2580296067163772,1.6585675363001062,2.544910754504539,1.1687622686192904,2.6028581037138188,1.0064908397204135,6.518271750833329,6.495028750321254,6.378900518206228,6.521561820767514,6.518271750833329,6.517173391403887,4.23150653465661,4.939965701133822,4.977850461138678,4.977850461138678,5.252265094823407,5.056672732830675,-1.670253182312151,-1.840178183754463,-1.255215683033307,-0.1963219939797387,0.8322471582170321,0.5173738208636207,-2.019045370306582,-2.019045370306582,-0.6971172754192194,-0.06484905991970713,0.565917130414574,-0.2641578681431138
