time,0,1,2,3,4,5,6,7,8,9,10,11,12,13,14,15,16,17,18,19,20,21,22,23,24,25,26,27,28,29,30,31,32,33,34,35,36,37,38,39,40,41,42,43,44,45,46,47,48,49,50,51,52,53,54,55,56,57,58,59,60,61,62,63,64,65,66,67,68,69,70,71,72,73,74,75,76,77,78,79,80,81,82,83,84,85,86,87,88,89,90,91,92,93,94,95,96,97,98,99,100,101,102,103,104,105,106,107,108,109,110,111,112,114,115,116,117,118,119
1.25,-0.01429217789152748,0.7633154007720249,-0.4997190050617686,-0.12120738180803947,-0.4997190050617686,-0.12120738180803947,-0.09660127748049963,-0.09660127748049963,-0.09660127748049963,-0.09660127748049963,-0.3861078946754848,-0.09660127748049963,-0.15330914629222292,-0.15330914629222292,0.261728352986621,-0.15330914629222292,-0.5158792256769313,-0.32323414773453507,0.09416637622053159,-0.057836717224518885,-0.22776171866683104,-0.057836717224518885,-0.4204067966092273,-0.22776171866683104,-0.05154920930439211,0.055365994612119884,-0.29255730880818653,0.055365994612119884,-0.16702642672432777,0.15490166816303486,-0.2563039228862669,-0.2563039228862669,0.9281206482511601,-0.015295823382472484,-0.2563039228862669,0.09161938053403951,-0.7939975831718513,-0.4720694882844887,-0.7939975831718513,-0.20903508245069524,-0.6240725817295392,-0.20903508245069524,-0.18325984878660417,-0.5051879436739668,-0.33526294223165465,-0.04575632503666949,-0.04575632503666949,0.30216697838363693,-0.23323790499213803,0.1817995942867059,-0.11776068757220237,0.35172459572901804,-0.23323790499213803,0.08869018989522459,0.010019345758386144,-0.2123730755780615,-0.09689585815812585,0.10955501930930112,-0.3379039576619203,0.10955501930930112,-0.3540722067472819,-0.21656868299734722,-0.21656868299734722,-0.09103780091348845,-0.3540722067472819,-0.3540722067472819,-0.07749171203578253,-0.42541501545608895,1.0693496762934886,-0.42541501545608895,0.11515336590661374,-0.18440691595229453,-0.15542253838020237,0.051028339087224595,-0.27089975580013803,0.6035693621160032,-0.15542253838020237,0.1441377434787059,-0.2582794857920794,-0.14280226837214371,1.0147390086143364,-0.2582794857920794,-0.5213138916258728,-0.14280226837214371,-0.0075130853430511735,0.10796413207688449,-0.2705474911768446,0.21487933599339648,-0.2705474911768446,-0.0075130853430511735,-0.1726094381352974,0.2197079846434633,-0.08514659688495829,-0.1726094381352974,-0.08514659688495829,0.4123530625858587,-0.20047207707402048,0.06256232875977297,-0.5224001719613831,0.2849547500962206,-0.0629685533240858,0.3844904236471356,-0.31987354736409745,0.021163370470969056,-0.22676414297261616,-0.056839141530304005,0.021163370470969056,0.2967978130843969,-0.08743670161326378,0.3600222753579576,-0.2989408068069759,-0.023306364193548035,-0.023306364193548035,-0.16453869044430558,0.14358360491802546,-0.09742449458576896,-0.03329415716605322,-0.16453869044430558,0.3011248819045056
2.0,-0.01429217789152748,0.933240402214337,-0.23668459922797513,-0.12120738180803947,-0.3622154813118339,-0.01429217789152748,0.2513220259398068,0.1444068220232948,0.1444068220232948,0.2513220259398068,-0.09660127748049963,0.1444068220232948,0.13619747090276224,0.261728352986621,0.48412077432306866,-0.0013060528471724453,-0.15330914629222292,-0.0013060528471724453,0.23166989997046628,0.09416637622053159,0.09416637622053159,0.09416637622053159,-0.057836717224518885,-0.057836717224518885,-0.16702642672432777,0.15490166816303486,-0.16702642672432777,0.055365994612119884,-0.16702642672432777,0.24801107255451615,-0.015295823382472484,0.09161938053403951,0.09161938053403951,-0.015295823382472484,-0.015295823382472484,0.2842644584764358,-0.6240725817295392,-0.20903508245069524,1.3759274182704608,-0.09355786503075958,-0.334565964534554,-0.09355786503075958,-0.04575632503666949,-0.18325984878660417,-0.18325984878660417,0.07977455704718928,0.07977455704718928,0.30216697838363693,-0.23323790499213803,0.1817995942867059,-0.11776068757220237,0.1817995942867059,-0.11776068757220237,-0.01084548365569038,0.10955501930930112,-0.09689585815812585,0.010019345758386144,0.10955501930930112,-0.2123730755780615,0.10955501930930112,-0.3540722067472819,-0.09103780091348845,-0.21656868299734722,-0.09103780091348845,-0.3540722067472819,-0.21656868299734722,-0.18440691595229453,-0.5629185392060236,1.0220439615151324,-0.42541501545608895,0.20261620715695283,-0.2998841333722302,-0.15542253838020237,-0.04850733446369038,-0.27089975580013803,0.3920652569222911,-0.04850733446369038,-0.15542253838020237,-0.14280226837214371,-0.2582794857920794,1.0147390086143364,-0.14280226837214371,-0.2582794857920794,-0.14280226837214371,0.10796413207688449,-0.0075130853430511735,-0.13304396742690994,0.40752441393579275,-0.13304396742690994,-0.2705474911768446,-0.08514659688495829,0.14931865675206524,-0.002684436692985237,-0.36525451607769366,-0.1726094381352974,0.2868221805019999,-0.0629685533240858,0.06256232875977297,-0.5224001719613831,0.4775998280386169,-0.0629685533240858,0.17803954617970863,-0.31987354736409745,0.09516395191474647,-0.22676414297261616,0.021163370470969056,0.021163370470969056,0.2967978130843969,-0.08743670161326378,0.3600222753579576,-0.22494022536319846,-0.023306364193548035,-0.08743670161326378,-0.23492801833570365,0.19803138894040195,-0.09742449458576896,-0.03329415716605322,-0.23492801833570365,0.3011248819045056
2.75,0.426280413494454,1.3076359169958351,0.08524349565938749,0.2658157413012079,0.08524349565938749,0.426280413494454,0.7658951987695657,0.6918946173257883,0.6138921053245152,0.6138921053245152,0.35085769949072176,0.5314299451325422,0.6767658522654649,0.9246933657090501,0.8466908537077771,0.48412077432306866,0.48412077432306866,0.48412077432306866,0.772238281333169,0.6791288769416877,0.5795932033907727,0.6791288769416877,0.4726779994742607,0.5795932033907727,0.33547391380485525,0.8918672623292405,0.15490166816303486,0.24801107255451615,0.15490166816303486,0.5699391674418788,0.3717272997267749,0.532191971920021,0.3717272997267749,0.19115505408495448,0.2842644584764358,0.532191971920021,0.11289301243666738,0.4539299302717339,0.5983198396069094,0.20600241682814868,0.11289301243666738,0.11289301243666738,0.4017026519345519,0.4017026519345519,0.30216697838363693,0.30216697838363693,0.4017026519345519,0.5822748975763723,0.1817995942867059,0.5741170170654666,0.1817995942867059,0.35172459572901804,0.1817995942867059,0.4297271077302911,0.524592518588145,0.37258942514309457,0.2901272649511215,0.20266442370078241,0.10955501930930112,0.524592518588145,0.02443941650644721,0.23089029397387417,0.02443941650644721,1.5719272118089407,-0.09103780091348845,0.02443941650644721,0.022043961515132438,-0.2998841333722302,1.1595474852650671,-0.2998841333722302,0.2850783673489259,-0.07749171203578253,0.051028339087224595,0.231600584729045,-0.04850733446369038,0.5364551662574666,0.231600584729045,0.31406274492101804,0.06364860909528325,0.06364860909528325,1.2442208547371036,0.06364860909528325,0.06364860909528325,0.15675801348676455,0.21487933599339648,-0.13304396742690994,0.10796413207688449,0.40752441393579275,-0.0075130853430511735,-0.13304396742690994,0.07531807530828782,0.07531807530828782,-0.002684436692985237,-0.2657188425267787,-0.08514659688495829,0.14931865675206524,0.17803954617970863,0.2849547500962206,-0.0629685533240858,0.647524829480929,0.2849547500962206,0.2849547500962206,-0.22676414297261616,0.16555327980614454,-0.13930130172227706,-0.056839141530304005,0.09516395191474647,0.4170920468021082,-0.1545508974718004,0.3600222753579576,-0.2989408068069759,-0.08743670161326378,-0.08743670161326378,-0.16453869044430558,0.08700007655165809,-0.09742449458576896,-0.09742449458576896,-0.23492801833570365,0.3011248819045056
3.5,0.7633154007720249,1.7019148561078818,0.5706703228296295,0.8787926181919605,0.7019148561078818,1.0852434956593875,1.1444068220232948,1.2513220259398068,1.0878232936569274,1.0878232936569274,0.7658951987695657,1.1988546060456713,1.0690832750442256,1.676765852265465,1.1361974709027622,1.0690832750442256,0.9986939471528276,1.261728352986621,1.295800237390182,1.4160944711078933,1.0941663762205316,1.2316698999704663,0.9421632827754811,1.2316698999704663,0.7074426911918135,1.4574644381834654,0.7074426911918135,0.8329735732756722,0.5699391674418788,1.202207382941391,0.8692269591975919,1.1911550540849545,0.8078264145334488,0.7436960771137331,0.6061925533637984,1.1422454536040076,0.4539299302717339,1.250396536186602,0.7909649175493048,0.5983198396069094,0.5279305117155113,0.7295643728851617,1.0183740123830463,1.2496995584895014,0.8871294791047939,0.7427395697696184,0.7427395697696184,1.0797745570471893,0.5037276891740685,0.9891545163443096,0.5037276891740685,0.766762095007862,0.4297271077302911,0.8256557840614303,0.5949818464795431,0.9575519258642506,0.524592518588145,0.6620960423380797,0.4505919371443676,1.1095550193093011,0.5719272118089407,0.8475616544223685,0.4939246998076676,0.9678558881400798,0.41146253961569457,0.7163171211441162,0.36308087935019895,0.20261620715695283,1.324606731535563,0.11515336590661374,0.574584984543911,0.2850783673489259,0.4660658383660685,0.667699699535719,0.31406274492101804,0.9514926655363096,0.5364551662574666,0.7879939332534303,0.5490754362655252,0.4786861083741272,1.6486111098164393,0.4786861083741272,0.4786861083741272,0.7417205142079206,0.5774494153781049,-0.0075130853430511735,0.31441500954431145,0.7998418367145534,0.40752441393579275,0.31441500954431145,0.07531807530828782,-0.002684436692985237,0.07531807530828782,-0.1726094381352974,0.07531807530828782,0.14931865675206524,0.647524829480929,0.647524829480929,0.3844904236471356,1.00116178409563,0.7255273414822021,0.7995279229259795,-0.13930130172227706,0.16555327980614454,-0.056839141530304005,0.09516395191474647,0.23266747566468116,0.3581983577485399,-0.08743670161326378,0.3600222753579576,-0.1545508974718004,-0.08743670161326378,-0.08743670161326378,-0.23492801833570365,0.14358360491802546,-0.09742449458576896,-0.09742449458576896,-0.23492801833570365,0.3011248819045056
4.25,1.387806265679818,2.200720713079323,1.1325492104377437,1.2658157413012079,0.9857078221084725,1.6046176547529667,1.5314299451325422,1.8015191085002868,1.3508576994907218,1.443967103882203,1.0878232936569274,1.8015191085002868,1.5836564478739836,2.2313547039431025,1.5347468473930368,1.4316533544289332,1.3206220420401893,1.676765852265465,1.5795932033907727,2.020165794776754,1.4726779994742607,1.4726779994742607,1.357200782054325,1.8166324006916224,1.3772940894994825,1.948450790695608,1.105992067682088,1.4574644381834654,0.9484507906956079,1.7074426911918135,1.2384607688633107,1.8078264145334488,1.1911550540849545,1.1911550540849545,0.9847041766175275,1.8989743025916441,1.0133573388857524,1.7295643728851617,1.2060024168281487,0.9064421349692404,0.665434035465446,1.2060024168281487,1.401702651934552,1.887129479104794,1.195251774467125,1.1386682461007576,0.9542436749633305,1.5392061756844866,0.9891545163443096,1.5741170170654666,0.8822393124277976,1.0886901898952246,0.705361550343719,1.181799594286706,0.9575519258642506,1.2901272649511215,0.9031041418418742,1.0100193457583861,0.7876269244219385,1.4880666425630311,0.9089621990865115,1.5334530639943047,0.7834313170026528,1.1313546204229592,0.6459277932527181,1.3239996983653555,0.7590095556813381,0.9225082879642175,1.870040868070082,0.574584984543911,0.8155930840477055,0.9731343610341856,0.9514926655363096,1.1885318628371593,0.667699699535719,1.3535911091076551,0.8445774616197976,1.2734207604236722,0.9641129355443683,1.1109543238736395,2.0874953510496503,0.8571977316278563,0.8571977316278563,1.286041030431731,1.2148793359933965,0.655451927379378,0.8669560325730901,1.2148793359933965,0.9310863699928058,0.8669560325730901,0.14931865675206524,0.07531807530828782,0.2197079846434633,-0.002684436692985237,0.2868221805019999,0.2197079846434633,1.062562328759773,1.062562328759773,0.8699172508173776,1.5219939473970703,1.1780395461797086,1.2849547500962206,0.021163370470969056,0.16555327980614454,0.09516395191474647,0.16555327980614454,0.4170920468021082,0.2967978130843969,-0.1545508974718004,0.3600222753579576,-0.2989408068069759,-0.08743670161326378,-0.08743670161326378,-0.23492801833570365,0.08700007655165809,-0.16453869044430558,-0.09742449458576896,-0.23492801833570365,0.3011248819045056
5.0,1.933240402214337,2.7175117111589002,1.637784518688166,1.6702059963805436,1.2658157413012079,2.0363338951784407,2.028929604603359,2.398163414269078,1.7658951987695657,1.9033987225195004,1.398163414269078,2.2768571180469444,2.1686189485951397,2.866590411145482,1.8060488692104313,1.8862192178944142,1.6309621626523398,2.4046863068286637,1.9421632827754811,2.527125783496637,1.6791288769416877,1.9421632827754811,1.5271257834966372,2.295800237390182,1.948450790695608,2.891867262329241,1.4959385859981014,1.8329735732756722,1.2924051919129695,2.3772940894994825,1.532191971920021,2.4340115779811176,1.6418164630945196,1.6061925533637984,1.1422454536040076,2.7272079543251637,1.5279305117155113,2.228370229856603,1.5635544214462325,1.2060024168281487,0.9064421349692404,1.820712260943357,1.7427395697696184,2.195251774467125,1.5822748975763723,1.5392061756844866,1.2496995584895014,2.3277020704907745,1.4672018131489546,2.2261937136451593,1.181799594286706,1.4672018131489546,0.9366870964501741,1.9366870964501741,1.3725894251430946,1.9305848782639812,1.2026644237007824,1.6289291784028803,1.0100193457583861,2.3924889825807996,1.645927793252718,2.024439416506447,1.2308902939738742,1.4114625396156946,0.9089621990865115,1.5719272118089407,1.0693496762934886,1.4005555847688624,2.0693496762934886,1.0220439615151324,1.0693496762934886,1.5074707886853744,1.6035693621160032,1.8990252456421741,1.2734207604236722,1.729100244199862,1.314062744921018,1.9254974570033658,1.6486111098164393,1.7417205142079206,2.3065051329914463,1.286041030431731,1.201152132845218,1.800614203261489,1.7998418367145534,1.3617207243226677,1.3617207243226677,1.577449415378105,1.3617207243226677,1.536807430880759,0.5278302800057944,0.2197079846434633,0.5822780640281708,0.2197079846434633,0.5822780640281708,0.4123530625858587,1.4317961384254918,1.565062669288956,1.2849547500962206,1.9370314466759142,1.6068828449835832,1.7630020469008656,0.23266747566468116,0.23266747566468116,0.4170920468021082,0.3581983577485399,0.6801264526359025,0.3581983577485399,-0.1545508974718004,0.3600222753579576,-0.2989408068069759,-0.023306364193548035,-0.023306364193548035,-0.23492801833570365,0.08700007655165809,-0.16453869044430558,-0.09742449458576896,-0.30892859977948106,0.3011248819045056
5.75,2.155632823550785,3.144137184712956,1.9062733546140676,1.9857078221084725,1.4637551189131175,2.348277901493181,2.2768571180469444,2.672785794378084,2.0878232936569274,2.0586769479974114,1.5732501208271694,2.672785794378084,2.431653354428933,2.998693947152827,2.1686189485951397,2.1361974709027622,1.8060488692104313,2.5836564478739836,2.295800237390182,2.9015212982781353,2.2316698999704663,2.2640913776628437,1.8166324006916224,2.8166324006916224,2.2703788855829705,2.817866680885464,2.0028985747179844,2.2924051919129695,1.674275827256614,3.2924051919129695,2.1669075078382765,2.898974302591644,1.9847041766175275,2.0656241720010957,1.6418164630945196,2.8841773006635636,1.7605912685057863,2.4348211073240296,1.9873621303528086,1.5635544214462325,1.335285433773115,2.8059152590152765,2.1386682461007576,2.7985928045031363,2.0183740123830463,1.887129479104794,1.4948120563260332,2.6033365131042023,1.9891545163443096,2.7053615503437185,1.705361550343719,1.7965094384019142,1.3912529599156551,2.181799594286706,2.010019345758386,2.3111888804789515,1.6620960423380797,1.8465206134755068,1.2026644237007824,2.268753614158555,1.9387095424805638,2.5719272118089407,1.878588550042993,1.7163171211441162,1.2308902939738742,2.024439416506447,1.729863210021822,2.0220439615151324,2.5908867968730114,1.324606731535563,1.2026162071569528,1.9225082879642175,2.2102269339364784,2.536455166257466,2.0510283390872246,2.1665055565071603,1.729100244199862,2.5016897480967897,2.0636486090952832,2.0636486090952832,3.2547900964472913,1.5490754362655252,1.4046855269303498,2.5143100181048483,2.1888841274604527,2.051380603710517,1.7998418367145534,1.9310863699928058,1.7998418367145534,1.9310863699928058,0.956673578809669,0.4123530625858587,1.0368439274936518,0.6347454839223063,1.0368439274936518,0.8273905618647026,1.7630020469008656,1.9694529243682917,1.6068828449835832,2.232487330202085,1.9370314466759142,2.150025170010112,0.5805907790849876,0.23266747566468116,0.6801264526359025,0.5805907790849876,0.9826892226563331,0.4736755751684756,-0.08743670161326378,0.3600222753579576,-0.2989408068069759,-0.08743670161326378,-0.1545508974718004,-0.30892859977948106,0.028106387498089802,-0.16453869044430558,-0.16453869044430558,-0.30892859977948106,0.3011248819045056
6.5,2.482133648227972,3.317904252449662,2.286877356829038,2.368177458930886,1.7329417517285064,3.06099594941271,2.374704441445089,2.9197005348486007,2.251322025939807,2.301948099009775,1.6534204695111523,2.7293693227444513,2.676765852265465,3.1361974709027622,2.3772055704065567,2.3206220420401893,2.0343178568835487,2.785290309043634,2.527125783496637,2.9015212982781353,2.295800237390182,2.3268271330108066,2.0576405001954177,2.9015212982781353,2.723744503520914,3.1787484101174024,2.3141002630122887,2.2924051919129695,1.9204364145260113,3.25923832797777,2.261544381976352,2.7272079543251637,2.1911550540849545,2.117154472641177,1.6061925533637984,3.052448783253362,2.0639834119557205,2.5810418481750736,2.250396536186602,1.665434035465446,1.6322671715302466,2.453929930271734,2.704265421954983,2.937755552174761,2.425549393888919,2.195251774467125,1.6240950732709996,2.6846366152060503,2.4106182847825868,2.882239312427798,2.2261937136451593,2.351724595729018,2.0397805894142778,2.8256557840614307,2.3725894251430946,2.9441314101019294,1.9840241372254424,2.225032236729237,1.4121177893297316,2.7104590638994788,2.230890293973874,2.5138242572453726,2.0519201529285542,1.9387095424805638,1.5719272118089407,2.8938553066963033,1.9225082879642175,2.6070064622362885,3.009971129214557,1.7001158666277698,1.574584984543911,2.381939906601515,2.6198711744451035,2.6676996995357185,2.333962302358723,2.6359908398083807,2.410924284173607,2.830638270661924,2.286041030431731,2.5661489496244663,3.201152132845218,1.9381177270114245,1.771467857601973,2.786114633566374,2.577449415378105,2.384804337435709,2.022234258051001,2.162411916099261,2.022234258051001,2.384804337435709,1.2536553165668005,0.8273905618647026,1.3192436581943774,1.0368439274936518,1.3509525179217157,1.3192436581943774,2.0923096721538252,2.2849547500962206,1.8699172508173776,2.5219939473970703,2.2849547500962206,2.477599828038617,0.8606986982777229,0.2967978130843969,0.9826892226563331,0.7274321674142588,1.296797813084397,0.7732358570273838,-0.08743670161326378,0.3111126748770108,-0.2989408068069759,-0.023306364193548035,0.038094180470594985,-0.23492801833570365,0.028106387498089802,-0.23492801833570365,-0.16453869044430558,-0.30892859977948106,0.25049880883453746
7.25,2.6540863310172664,3.7856832138004792,2.7175117111589002,2.5533923313977938,2.01124291421561,3.0112429142156105,2.747747852059306,3.028929604603359,2.4212470273821194,2.398163414269078,1.9033987225195004,4.332710352780462,2.8060488692104313,3.4581255657901244,2.5836564478739836,2.5594089016273056,2.1361974709027622,2.8265129717701467,2.942163282775481,3.2958002373901816,2.6051282954979103,2.5795932033907727,2.1645557041119297,3.2479717122995666,3.4671795930166778,4.099760113970573,2.9484507906956083,2.5699391674418783,2.3354739138048557,3.3875624249533094,2.6241144613610605,3.039151960639904,2.792059098675132,2.2842644584764358,2.551050999171337,3.2842644584764358,2.250396536186602,2.6978555131578235,2.527930511715511,1.820712260943357,1.6322671715302466,2.7758580251590965,2.869851487672958,3.0339708674340646,2.401702651934552,2.3277020704907745,1.8167401512133958,3.7709364616002707,3.774256631554786,3.076617357594649,3.2370820297878957,2.5393515989047897,2.2261937136451593,3.076617357594649,2.560216428318866,3.0481544746451577,3.4972851725924095,2.3924889825807996,1.6945175200304572,2.7572532753784196,2.390088888823128,3.092184023142282,2.34636751139381,2.206642747727196,1.7163171211441162,2.5907862390602565,2.223677822684783,2.829398883572736,3.1038380526787797,1.8965130794312737,1.7001158666277698,2.9353323283218016,2.885604729879853,2.9770277576434476,2.729100244199862,2.7879939332534307,2.519177174825631,2.989627794423081,2.6486111098164393,3.375926533948926,3.540462305960817,2.4605387616638676,2.179125826515219,3.5317974448336895,3.094024941119011,2.86695603257309,2.4075244139357928,2.3617207243226677,2.1079641320768845,2.516048870713962,1.6853715569922745,1.2536553165668005,1.5822780640281708,1.3509525179217157,1.6087502753893625,1.660280576029444,2.4083371656015027,2.454879751538533,2.2055202826018157,2.647524829480929,2.5436890184963894,2.6273469475432987,1.2650889533570586,0.4170920468021082,1.3879457011425922,1.0951639519147465,1.6312168521549557,0.9826892226563331,0.038094180470594985,0.3600222753579576,-0.1545508974718004,0.09698786952416327,0.038094180470594985,-0.30892859977948106,-0.03329415716605322,-0.16453869044430558,-0.16453869044430558,-0.3869311117807541,0.25049880883453746
8.0,2.7782657422379966,3.686147540249565,2.637784518688166,2.6540863310172664,2.222747019409322,3.2658157413012083,2.672785794378084,3.028929604603359,2.398163414269078,2.63379166276222,2.028929604603359,3.2253268174068626,2.8060488692104313,3.4711817186155707,2.5594089016273056,2.5836564478739836,2.261728352986621,3.231354703943102,2.880762738111338,3.326827133010806,2.6051282954979103,2.6051282954979103,2.357200782054325,3.00105697182905,3.8773676926341256,3.5334132914167644,2.9759315271177154,2.7715730286115288,2.4959385859981014,3.6826393001912407,2.970764985659654,3.4641735484913703,2.9424759412282304,2.454189459918748,2.328658577834889,3.606192553363798,2.335285433773115,2.974186741605075,2.527930511715511,2.0133573388857524,1.9064421349692404,3.2172296722514027,3.289227922676139,3.2227325108892324,2.644559175830715,2.352793051453605,2.049400908003671,3.8167401512133954,3.2261937136451593,3.290324051064875,3.0019785567018937,2.909720048849905,2.7817124364738337,3.574117017065466,2.6620960423380797,3.8821445232062284,2.6289291784028803,2.5245925185881446,2.3111888804789515,3.2579468592019722,2.5907862390602565,3.8553811588816673,2.733390634503057,2.4325241551435246,1.9964250403368506,2.8158527946950302,2.654312177014645,2.7590095556813385,3.1151533659066137,2.363080879350199,2.285078367348926,2.744509985986223,3.121417666978622,3.8583832611448283,3.132822430250872,3.0983340538655813,2.95149266553631,3.1665055565071603,2.9896480276515063,3.1901810150242147,3.9833065007776796,2.3855767039826454,2.3855767039826454,3.3065051329914463,3.674310954630694,3.791228706409845,2.6363431044316736,2.59734897281581,2.4736136043935653,2.692926632798041,1.9148534031150422,1.7581278994275884,2.149318656752065,1.6087502753893625,1.956673578809669,2.075318075308288,2.586124284816786,2.903864582740715,2.3844904236471356,3.032188679716254,2.647524829480929,2.903864582740715,1.6312168521549557,0.5281233591908521,1.7274321674142588,1.35819835774854,1.8606986982777234,1.2650889533570586,0.09698786952416327,0.3600222753579576,-0.1545508974718004,0.20801918191290714,0.15357139789053065,-0.3869311117807541,-0.03329415716605322,-0.23492801833570365,-0.23492801833570365,-0.30892859977948106,0.25049880883453746
8.75,3.307635916995835,3.7097343605671806,2.878792618191961,2.732941751728506,2.368177458930886,3.317904252449662,2.9831259149902345,3.314331823465608,2.6534204695111527,2.819006535229128,2.225326817406863,3.5732501208271694,2.92469336570905,3.5471305718488697,2.6991336652939193,2.6540457757653813,2.3772055704065567,3.1361974709027622,2.962062840213186,3.5666541476832747,2.6791288769416877,2.7029756188960548,2.4160944711078933,3.849053878384,4.2703788855829705,3.9622565902206386,3.2703788855829705,3.042426938904622,2.739864168884191,3.6992221843868447,2.984704176617528,3.179082221784379,3.0656241720010953,2.8078264145334484,2.606192553363798,3.906316277932812,2.665434035465446,3.100820180136092,2.713797057026845,2.0886454661899894,1.9339228713913474,2.713797057026845,2.986665152655708,3.3527930514536055,2.834662059210658,3.6546833931044223,2.0797745570471893,3.506039311749287,3.6895942344854022,4.1006628315613005,3.170484281058872,3.076617357594649,2.98915451634431,3.882239312427798,2.9305848782639816,3.7725200320317303,2.875089765672278,2.6456079195495104,2.542514426585407,3.352411543205464,3.0105002255485735,4.416756839285208,2.6815517029834393,2.5907862390602565,2.1819806934929273,2.9239125405524833,3.223677822684783,3.0576678712458536,3.363080879350199,2.3246067315355634,2.3439720564024946,2.9480433800713555,3.918924803079879,4.401525586171358,3.177560745016156,3.121417666978622,2.885604729879853,3.2734207604236722,3.719000437707837,3.9641129355443687,4.652613040373936,3.11095432387364,2.5661489496244663,3.201152132845218,4.169075646380271,4.338261751498679,2.799841836714553,2.674310954630694,2.5572715334404745,2.8504679097845207,2.0172151207447198,2.0368439274936523,2.2024299932116276,2.2024299932116276,2.0172151207447198,2.3031239928311003,2.8869907641763186,2.937031446675914,2.586124284816786,3.205520282601816,2.920543323887345,3.1358113107904115,1.9025188739723502,0.5805907790849876,1.943160858469696,1.6061258711921251,2.0020545475232647,1.5545955705520438,0.20801918191290714,0.3111126748770108,-0.1545508974718004,0.3600222753579576,0.26048660180704264,-0.30892859977948106,-0.09742449458576896,-0.23492801833570365,-0.23492801833570365,-0.3869311117807541,0.19803138894040195
9.5,3.3582619900658033,3.864853427234087,3.178352900050869,2.9985318624660566,2.6046176547529667,3.348277901493181,2.9985559555598402,3.3508576994907213,2.7658951987695652,3.4212470273821194,2.3508576994907218,3.5100562943399756,2.92469336570905,3.7747979352259917,2.7642286935158045,2.846690853707777,2.534746847393037,3.2466214605964128,2.9219854008378507,3.372151123520297,2.8383274717909415,2.8597011225835085,2.962062840213186,3.5535979948578285,4.751836810550267,3.7478569596377214,3.476829763050397,3.723744503520914,3.0293707860791756,3.847923914741644,3.0656241720010953,3.6241144613610605,3.328658577834889,2.869226959197592,2.998509976142558,3.984704176617528,2.713797057026845,3.013357338885753,3.0261813792433365,2.3557495363328305,2.1367397543910345,2.987362130352808,2.970545487292431,3.861134270571849,2.834662059210658,2.904202992463735,2.195251774467125,3.6546833931044223,4.008348081577621,4.677654621173877,3.7286940541743423,3.8256557840614307,3.7053615503437185,3.8471355114718824,3.560216428318866,4.47878882897502,3.1799443472006987,2.9575519258642506,3.412117789329732,3.6702699737837796,3.6990391297122804,4.779326918669916,2.938709542480564,2.9089621990865115,2.4939246998076676,3.2308902939738737,2.9480433800713555,4.10383805267878,3.4901927972535387,2.6070064622362885,2.400555584768862,3.148576367444064,4.4156007713830805,4.773494363558315,3.892330593068166,3.3633062639408675,3.026780792840547,3.8583832611448283,4.29118433370769,4.523080227732581,4.825642997753011,3.3166293502651536,2.924942338263691,3.664552653685461,4.547075766334586,4.75182032185161,3.107964132076885,2.711305162112896,2.674310954630694,3.135444868498992,2.9042061589155335,2.0941771025596037,2.8386178172879566,2.0941771025596037,2.3819794135423398,2.758127899427589,3.032188679716254,3.205520282601816,2.903864582740715,3.323089878982992,3.1358113107904115,3.4201143333778568,2.095163951914746,0.8176299763858372,2.040022397722285,1.881760313805553,2.165553279806144,1.881760313805553,0.4073279901363138,0.3111126748770108,-0.023306364193548035,0.4975257991078923,0.4073279901363138,-0.30892859977948106,-0.03329415716605322,-0.23492801833570365,-0.23492801833570365,-0.3869311117807541,0.19803138894040195
10.25,3.1895801554741228,4.0731706633588125,3.155632823550785,3.1208674053901087,2.8507782420223644,3.645958450133866,3.1582126215483255,3.3747044414450893,2.853358040019905,3.087823293656928,2.4663349169106574,3.3628303411567977,3.0861567884031667,3.607503189828351,2.846690853707777,2.8862192178944146,2.63096216265234,3.261728352986621,2.942163282775481,3.4015949014127784,2.772238281333169,2.8166324006916224,2.6548813306950096,3.738022565995256,4.97933010357958,3.817866680885464,3.6992221843868447,4.196378304139193,3.166874309829111,3.7318268498187726,3.215001796039322,3.68514389475862,3.3395468939776256,3.1044434208916236,2.9424759412282304,3.7021169733623336,2.8059152590152765,3.100820180136092,3.08864546618999,2.4154557824570984,2.314526873606318,3.5547305710592263,3.138668246100758,3.365176775909438,2.723630746821914,3.289227922676139,2.2496995584895014,3.852364060944117,4.65347480867875,4.868300121469924,4.274556735206558,4.58267903056889,4.25326195684333,3.995580785503743,4.127476927306564,4.274126786257407,3.8821445232062284,3.749558883588419,3.1451789290400223,4.191349110472949,4.312684385137521,4.942385200623962,3.156889712530097,3.038245216031478,2.66384970124998,3.5907862390602565,3.069349676293489,4.437081460793976,4.239274677735802,2.4901927972535387,2.5908867968730114,3.314825710742978,4.659837581762748,4.932040302870138,4.420262148752943,3.98334153157565,3.466065838366068,3.5787659711154305,4.620282386757944,4.800614203261489,5.017844919482158,3.0992725188260044,3.075621250761359,4.2228472039445375,4.773846628181609,5.065735896687587,4.367526346003874,2.8832578449021904,2.7825638452827177,3.0799497559072884,2.9872618986430917,3.1849425664827864,3.343090400148745,2.1672405647493274,2.219707984643463,2.2536553165668005,3.443384112700704,3.6575089180535514,3.3964630653132115,3.586124284816786,3.360242877400458,3.716004567363696,2.631216852154956,0.9826892226563331,2.9729082018637483,2.021163370470969,2.4456611989988795,2.0020545475232647,0.4975257991078923,0.3600222753579576,0.038094180470594985,0.7750597746368015,0.6230566811917511,-0.3869311117807541,-0.09742449458576896,-0.23492801833570365,-0.23492801833570365,-0.30892859977948106,0.19803138894040195
11.0,3.178352900050869,3.9792527999711735,3.3878062656798185,3.109090237613755,4.206258896620753,3.6702059963805436,3.3628303411567977,3.432651790654369,2.8362845266609633,3.1718875584454023,2.4883612232406565,3.7013549465748548,3.05180528361239,3.571583615573408,2.866590411145482,2.8265129717701467,2.6540457757653813,3.1686189485951397,3.00105697182905,3.65488133069501,2.8166324006916224,2.8166324006916224,2.553597994857829,3.6426030009165737,4.618698479361734,3.9759315271177154,3.5699391674418783,4.061792263771553,3.25923832797777,3.9759315271177154,3.2500487431385228,3.474089017356453,3.4340115779811176,3.1044434208916236,3.166907507838277,3.4340115779811176,2.665434035465446,3.0388924309928904,3.08864546618999,2.272091607285921,2.335285433773115,2.8784277587996443,3.018374012383046,3.3774551056878743,2.7427395697696184,2.834662059210658,2.2496995584895014,3.3527930514536055,4.724831414541944,5.001978556701894,4.595427523310878,4.889158726367588,4.624743090135434,4.526095502202523,4.474127451605157,3.824716243157159,3.780093251736531,4.20828897289466,3.3725894251430946,4.342215776099576,4.677146523863438,5.010500225548574,3.6094019172276037,2.9239125405524833,3.156889712530097,3.533453063994305,3.437081460793976,4.4988576583806665,4.028042702136576,2.4727053705246975,2.5580968617553417,3.0458907034695,4.872058198041905,5.0630009807533005,4.667699699535719,4.497284568976788,4.34381008831507,3.7807623640223547,4.874434436553161,4.957657913407069,5.139751588181075,3.179125826515219,2.924942338263691,4.860661586931428,5.003714170080203,5.246728202032736,4.6929266327980415,2.8993775102654675,2.9310863699928054,3.3263876512103874,3.520877519364028,4.007299651879637,3.7100336112265437,2.075318075308288,2.286822180502,2.9042061589155335,3.6273469475432987,3.7064185185344978,3.5650626692889564,3.8085167061532337,3.5756319109991437,3.9614156053028733,3.0493602623016214,1.1655532798061445,3.3805661707769943,2.058638075889632,2.4456611989988795,2.473675575168476,0.7750597746368015,0.26048660180704264,0.20801918191290714,1.038094180470595,0.7385338986116876,-0.4693932719727272,-0.16453869044430558,-0.3869311117807541,-0.30892859977948106,-0.3869311117807541,0.14358360491802546
11.75,3.2551684971016996,3.892598417716991,3.348277901493181,3.1670375868230347,3.378025244887233,3.7019148561078814,3.3019480990097754,3.6918946173257883,2.9033987225195004,3.1021785866339977,2.613892105324515,3.4663349169106574,3.1686189485951397,3.7747979352259917,2.92469336570905,2.92469336570905,2.7428550427232374,3.363266379448683,3.076019029510272,3.5666541476832747,2.9219854008378507,2.9816916469621186,2.7029756188960548,3.714752786672409,3.9133469897396926,4.087214860651461,3.5699391674418783,3.4378356314345333,3.3354739138048557,3.6317153650285685,3.261544381976352,3.9566898004479314,3.30663227150489,3.0656241720010953,3.2500487431385228,3.5416523011690875,2.7758580251590965,3.1717867014902357,3.1248656541027433,2.375927418270461,2.395826975708166,2.987362130352808,3.1813125835092513,3.4720919798259495,2.7427395697696184,2.852364060944117,2.3277020704907745,3.4490083667129086,3.8111562143663154,4.861279693792152,4.565503886760759,4.902898782993891,4.77051422986897,4.868300121469924,4.342215776099576,3.9237636124079676,3.603543859982967,3.9441314101019294,3.67839785466718,3.7183642619848247,4.543168218827517,5.010500225548574,3.886242122586428,2.996425040336851,3.1441786607805433,3.672727852596433,3.1812425563643862,4.7517779864502625,4.228895531955802,2.5908867968730114,2.744509985986223,3.09243328940653,5.023720993091489,5.15536499890196,4.941799269332466,4.823617842984152,4.751468057228316,3.729100244199862,5.190181015024215,5.1225422981488515,5.2705001795359525,3.442160232349013,3.1679852689100185,4.989648027651507,5.148991400336939,5.370420419273053,4.969766838156866,2.96211326561343,3.4075244139357928,3.791228706409845,3.893479752322475,4.319243658194377,3.8386178172879566,2.366549372972734,2.366549372972734,2.781586872251578,3.763002046900865,3.903864582740715,3.7064185185344978,4.001161784095629,3.78138057621572,4.114224448582266,3.3354782812484562,1.4170920468021082,3.661979105925643,2.35819835774854,2.5414201818043103,2.501156311590583,0.9125632983867362,0.3111126748770108,0.3600222753579576,1.2344913932740988,1.0077205314270765,-0.3869311117807541,-0.16453869044430558,-0.23492801833570365,-0.23492801833570365,-0.3869311117807541,0.19803138894040195
12.5,3.579232336333053,4.120867405390109,3.4544773053251063,3.463755118913117,3.307635916995835,3.6129811276875934,3.552491560660372,3.8362845266609633,3.028929604603359,3.18543409028335,2.672785794378084,3.5314299451325426,3.404686306828664,3.9341536949581166,3.1524992832318626,3.0861567884031667,2.866590411145482,3.3910113699315874,3.2316698999704663,3.6302192764607413,3.03902482202807,3.094166376220531,2.8383274717909415,3.714752786672409,4.314100263012289,4.472012746752621,3.9759315271177154,3.8025999242321533,3.248011072554516,3.817866680885464,3.7761175548061106,3.8616932865121845,3.3610800555272666,3.1171544726411775,3.1171544726411775,3.9353161496553644,2.8925029440113668,3.453929930271734,3.375927418270461,2.5458524197127734,2.395826975708166,2.987362130352808,3.23627904272718,3.4490083667129086,2.8871294791047935,2.921076811028131,2.449008366712908,4.00260669652473,4.052164313870111,4.147583878948793,4.112536931849592,4.637126814591266,4.595427523310878,4.9466711850227965,3.7951214609688626,3.7183642619848247,3.4505919371443676,3.382573513715717,3.32160549642429,3.6289291784028803,4.368393817723809,4.942385200623962,3.6815517029834393,3.1441786607805433,2.847561654422368,3.9089621990865115,3.6387153219636263,4.75539830212896,4.6697422175842505,2.7150662080937416,2.6070064622362885,3.2950624559215482,5.0630009807533005,5.2182792062312116,5.002118738606278,4.888971580978252,4.932040302870138,4.16650555650716,5.1707784838016995,5.225536291472177,5.358881837317226,3.11095432387364,3.075621250761359,5.1567580134867645,5.287107663548576,5.4870091977626085,5.22130560515283,3.022234258051001,4.142234034161631,4.854607640145445,4.404819389900451,4.565482821485193,4.381979413542339,3.112792780726951,2.4273034040518304,3.3509525179217152,4.092309672153825,4.077512670225745,4.099651647494993,4.232487330202085,4.001161784095629,4.329348869454675,3.674102665008132,1.6312168521549557,3.8500514540782147,2.387945701142592,2.6920990943019785,2.680126452635902,1.2080191819129071,0.3111126748770108,0.5824146966944053,1.3838690173123247,1.2344913932740988,-0.3869311117807541,-0.16453869044430558,-0.30892859977948106,-0.30892859977948106,-0.3869311117807541,0.19803138894040195
13.25,3.7482085083818166,4.3127792202717945,3.6702059963805436,3.8004047195072452,3.491235855335224,3.725247359938505,3.7568500591665583,3.8276713963562554,3.3628303411567977,3.443967103882203,2.870231858584301,3.801519108500287,3.607503189828351,3.9528902575397025,3.1845604924641613,3.3206220420401897,3.05180528361239,3.4711817186155707,3.3869481254483773,3.827520716834359,3.1816292174708707,3.2316698999704663,3.00105697182905,3.760922968105335,4.366952145278024,4.779392533070828,4.340768213474369,4.055365994612121,3.7949055324421526,4.330160113908388,3.6936553946141375,4.052448783253363,3.6151813365910526,3.328658577834889,3.261544381976352,3.9496003756616123,3.239425418365599,3.721702255112191,3.375927418270461,2.7758580251590965,2.5810418481750736,3.0004182831782544,3.3021669783836374,3.6240950732709996,2.970545487292431,3.018374012383046,2.6240950732709996,3.7427395697696184,4.2850874026987285,4.38147193912307,4.263948635640578,3.9826994942070106,3.736388445964343,4.728694054174342,3.7025103107839876,3.9642156561452615,3.402336768537147,3.225032236729237,3.6289291784028803,3.832021043780392,4.065466684766502,4.935024495672708,3.6459277932527177,3.4008152954161863,2.783431317002653,3.9678558881400803,3.582758915989611,4.707610403174694,4.545605917572145,2.960643416850989,2.801653893089832,3.1704358014078036,5.068950247084487,5.270842216321896,5.032880992376965,4.747764088464898,4.941799269332466,4.443345761865984,5.249515154406617,5.2705001795359525,5.612085233791325,3.2652824702649337,3.3465825723667817,5.184664010056649,5.367526346003873,5.582450096436471,5.284041360500792,3.0513806037105176,4.607196758772157,5.192159259493313,4.545066984931099,4.660280576029445,4.374285021752339,3.9306783702767247,2.5688575482658496,4.11279278072695,4.449143381989389,4.341785972692897,4.291381019255654,4.431796138425492,4.171086785537942,4.414237767041188,3.8659929979472363,1.8176299763858372,4.011640596352462,2.459736384210602,2.784463112450638,2.9229829765320656,1.3600222753579576,0.3111126748770108,0.8106836843675227,1.561656136527608,1.4073279901363138,-0.4693932719727272,-0.23492801833570365,-0.30892859977948106,-0.30892859977948106,-0.4693932719727272,0.14358360491802546
14.0,4.004901387341784,4.435740742743521,3.8857120321317513,3.9985318624660566,3.7175117111589002,4.178352900050869,3.77488398199682,3.9115726539652003,3.4212470273821194,3.5314299451325426,3.1988546060456713,3.801519108500287,3.6309621626523403,3.980546600442568,3.431653354428933,3.5471305718488697,3.261728352986621,3.687993107688719,3.5666541476832747,3.783465536756423,3.357200782054325,3.4015949014127784,3.1816292174708707,4.029626124025821,4.6055630771726,4.859035869861868,4.472012746752621,4.136754321452775,4.035913631945948,4.547219090941795,3.8841773006635636,4.173007707374695,3.7599978894428334,3.569666677338684,3.5130831489723167,3.9424759412282304,3.482126822102386,3.913361548909031,3.5723246310739647,3.0261813792433365,2.835359036907758,3.183282340328065,3.437326561665273,3.752199899018685,3.064667664656981,3.153023539077828,2.834662059210658,3.6846366152060503,4.415419271046408,4.521649597171331,4.33661770333881,4.2850874026987285,3.9697021536781376,4.814794791429664,3.9237636124079676,4.121527660975377,3.6205169385866802,3.4972851725924095,3.4314831141966633,4.109555019309301,3.8785885500429926,4.931330012114966,3.5624044376904345,3.6277804465424586,2.9089621990865115,3.9606243189090042,3.744509985986223,4.762611792361534,4.692582193942362,3.022043961515132,2.922508287964218,3.148576367444064,5.0359214466970155,5.296422585785288,5.029834116818101,4.631977777301757,4.973860478564765,4.553528679616408,5.3115761225388685,5.366211379115715,5.455966031874043,3.3065051329914463,3.222847203944537,5.228220376043389,5.465516136694968,5.671967014162395,5.4018778507946505,3.1489914003369397,4.858735525768122,5.393366350939133,4.602177621465875,4.796057355059911,4.548489750571887,4.370422382119941,3.456747181944312,4.496275546130949,4.812990182732542,4.52199394739707,4.532882263539807,5.110595025181574,4.33558082316619,4.511022829576067,4.002054547523265,2.0020545475232647,4.030623699720035,2.459736384210602,2.943160858469696,3.1910883719132817,1.5405945209997784,0.26048660180704264,1.0077205314270765,1.7010591931930241,1.5824146966944053,-0.3869311117807541,-0.23492801833570365,-0.30892859977948106,-0.3869311117807541,-0.4693932719727272,0.19803138894040195
14.75,4.195161187737423,4.522648807966686,4.048717619634274,4.189580155474123,3.8857120321317513,4.477560918438147,3.853358040019905,3.975348564398515,3.499249539383393,3.6436394487185675,3.276857118046945,3.9197005348486007,3.710188853802915,4.069083275044225,3.6309621626523403,3.607503189828351,3.484120774323069,3.7428550427232374,3.7946060943616233,3.7264345917200443,3.4864837989992914,3.5666541476832747,3.357200782054325,4.020165794776754,4.855341386304127,4.895469499009437,4.565423686319385,4.242364509413374,4.219554626505288,4.644615853736375,4.045815690920914,4.323183447768738,3.9281206482511606,3.7599978894428334,3.768080235740692,4.0851643583967405,3.673607966911146,4.088645466189989,3.721702255112191,3.314526873606318,3.013357338885753,3.3658737536065377,3.644559175830715,3.921076811028131,3.2496995584895014,3.2227325108892324,3.0026066965247296,3.752199899018685,4.4532626221910805,4.574117017065467,4.415419271046408,4.434465026736954,4.159079517786623,4.724831414541944,3.984024137225442,4.151031655285459,3.8173742678159908,3.970848748477709,3.6702699737837796,4.202664423700782,3.901428526401104,4.890053736536447,3.6186204472569825,3.9164567356334357,3.1943644179487602,4.092184023142282,4.016020173887362,4.8155930840477055,4.744509985986223,3.363080879350199,2.960643416850989,3.574584984543911,5.002118738606278,5.311555889310443,5.023720993091489,4.21560010603533,4.967504983524941,4.406232588848885,5.358881837317226,5.414145856179417,5.544775298831899,3.4046855269303498,3.3065051329914463,5.275699086210272,5.523868375173262,5.73619934126374,5.489673455289664,3.214879335993397,5.065735896687587,5.4923328017401545,4.666594349961646,4.8414110321796375,4.653939049155618,4.634745483922307,3.286822180502,4.7372836456347445,5.171086785537942,4.725527341482202,4.852639259385541,5.39347920687439,4.499967641067071,4.677272172874981,4.072443875414662,2.387945701142592,4.104152735142001,2.580590779084988,3.0493602623016214,3.3430914653583317,1.8454491025281992,0.26048660180704264,1.3600222753579576,1.7929816826340637,1.7385338986116872,-0.4693932719727272,-0.23492801833570365,-0.3869311117807541,-0.3869311117807541,-0.4693932719727272,0.14358360491802546
15.5,4.302474211880057,4.557731267122131,4.144137184712956,4.333171009102973,4.023842950995244,4.596205414936767,3.9517617440808994,4.1093030210673795,3.672785794378084,3.801519108500287,3.3628303411567977,3.9908615637698395,3.846690853707777,4.160581629529721,3.583656447873983,3.710188853802915,3.5096558664302067,3.8265129717701467,3.738022565995256,3.880762738111338,3.5535979948578285,3.592417243748357,3.513705267734316,4.001056971829049,5.061792263771553,5.105992067682088,4.739864168884191,4.372132384383704,4.340768213474369,4.678463624220047,4.267258033170746,4.522669197801514,4.0916193805340395,3.8841773006635636,3.784110345559641,4.232631690061114,3.835359036907758,4.244921406120451,3.8570541080070773,3.598319839606909,3.2828180138789795,3.491404635690397,3.7894328052176602,4.010511894610076,3.3896298196339765,3.3403021072704084,3.094724898513161,3.904202992463735,4.637126814591266,4.669639628109757,4.53935159890479,4.534946419784788,4.269262435537046,4.747853632457797,4.079181370265783,4.300696506661309,3.916909941366905,4.168448708362869,3.839289044244431,4.279480020751613,3.989335615550532,4.927626043351547,3.863158509473387,4.111902257756787,3.4939246998076676,4.218817461673298,4.148576367444064,5.054732580221307,4.982432105616276,3.4638815201376913,3.1704358014078036,3.4727053705246975,4.918924803079879,5.341354436588758,5.011416483188368,4.309044670154393,4.992760683908044,4.536455166257467,5.38797919419795,5.458254208469313,5.620282386757944,3.505486167717842,3.4235445541816656,5.329185522132247,5.552182656767675,5.7803894740483805,5.554729338878022,3.214879335993397,5.152358251435338,5.587433503950727,4.766969776179396,5.017215120744719,4.787392493932783,4.758127899427588,3.3972461701956504,4.855296558434587,5.516518817330919,5.139377925810604,5.146484812304864,5.593943789276086,4.657508918053551,4.895452342924515,4.148275288374308,2.9924043774895455,4.244911071419428,2.6436005766107886,3.1910883719132817,3.459736384210602,2.139632206932657,0.3111126748770108,1.5824146966944053,1.8625226158871406,1.8793964344515368,-0.4693932719727272,-0.16453869044430558,-0.3869311117807541,-0.30892859977948106,-0.5568561132230663,0.08700007655165809
16.25,4.431018332501117,4.654086331017266,4.353278582551548,4.463755118913117,4.161346474745179,4.600417666223681,4.095018795061131,4.218754163483377,3.8362845266609633,3.9277828811464595,3.552491560660372,4.137454061381528,4.025494006496542,4.327817543444393,3.676765852265465,3.8764381971018294,3.607503189828351,4.016615855150089,3.772238281333169,3.962062840213186,3.592417243748357,3.7495182048330853,3.513705267734316,4.129790285951253,5.228150650193673,5.064994695809897,4.787169883662548,4.817866680885464,4.505398915247168,4.866396574813122,4.413547475421402,4.628560366392253,4.284264458476436,4.0916193805340395,3.998509976142558,4.428922701308318,4.1068692248088965,4.340428737049075,4.006902316748453,3.6489459126768766,3.518885372112504,3.657213528660477,3.904202992463735,4.11686387578241,3.571627653376864,3.46059634098812,3.289227922676139,4.04170651621367,4.499212208051575,4.669639628109757,4.624743090135434,4.58267903056889,4.4532626221910805,4.732546379669949,4.213891679124036,4.382573513715717,3.9508572732902425,4.115553759930744,3.970848748477709,4.347322666532665,4.078887200528824,4.927626043351547,3.9678558881400803,4.212742947263615,3.6990391297122804,4.411462539615695,4.290079048407293,4.982432105616276,5.039965869512395,3.922508287964218,3.4097741147982408,3.6070064622362885,4.854944177178057,5.375358924189891,4.977027757643448,4.420262148752943,4.918924803079879,4.663773996321918,5.409423445937013,5.467370795146293,5.636538277515864,3.8006142032614894,3.5143100181048483,5.414145856179417,5.599817228406559,5.825376928821691,5.587433503950727,3.361720724322668,5.2084243138560975,5.657822831842125,4.852530124143211,5.034404882042235,4.82174399872356,4.893479752322476,4.282717782169263,4.941132727913891,5.68217097228782,5.3964630653132115,5.384490423647136,5.7490628559429915,4.808516706153234,5.375445284044128,3.9729082018637483,3.4456611989988795,4.2770615950231345,2.784463112450638,3.232667475664681,3.90766217724831,2.4304116032493552,0.26048660180704264,1.623056681191751,2.007720531427076,2.038094180470595,-0.5568561132230663,-0.30892859977948106,-0.3869311117807541,-0.3869311117807541,-0.5568561132230663,0.08700007655165809
17.0,4.6088054517164,4.7329417517285055,4.435740742743521,4.544675114296685,4.307635916995835,4.67420792693804,4.276857118046944,4.386481609221443,4.036424141150283,4.087823293656928,3.7200915091564406,4.238382970232308,4.208147312781777,4.496944814680653,3.846690853707777,4.144371402348462,3.7957069249889726,4.127976964097794,3.8702703642936958,4.085121236617525,3.679128876941687,3.7495182048330853,3.5404226061100954,4.247971712299567,5.284184685108001,5.205113114116802,4.906222555306311,4.962256590220639,4.476829763050397,4.806431785823181,4.632992612707513,5.055753927977034,4.46913980138472,4.052448783253363,3.970764985659654,4.574283305409054,4.324943489551656,4.554730571059226,4.183282340328065,3.8784277587996443,3.6238549317140465,3.7909649175493048,4.033970867434064,4.295711956246338,3.7615985970209342,3.6846366152060503,3.46059634098812,4.026193516842345,4.785425939272898,4.878767120520993,4.751655202617654,4.953289063787304,4.561177961357968,5.112536931849592,4.342215776099576,4.529093910823086,4.179944347200699,4.274126786257407,4.048154474645157,4.402336768537147,4.137780889582393,4.886242122586428,4.098786757966529,4.27819600875223,3.886242122586428,4.266514203704595,4.455003368791239,5.028042702136576,5.189294828659119,3.9095692322567195,3.5245443020443155,3.62294800610531,4.7915961699336265,5.4156007713830805,4.905688975923185,4.127131318173016,4.744050585665834,4.635990839808381,5.442160232349012,5.509904838984847,5.650613462727587,3.6243635635697617,3.5997015093354925,5.399931996959715,5.616977779564742,5.854607640145445,5.621843534736558,3.2778891335191975,5.025909916194399,5.612095558184996,4.912198949669064,5.077688979771035,4.863564174418188,4.888086493552256,3.6977552814481074,4.914853403115042,5.850464888151205,5.713614019938701,5.601721139867805,5.792749390294917,4.9122280556753415,5.399440765113107,4.021163370470969,3.756229431721694,4.312394668135415,2.784463112450638,3.3952876764837603,3.881760313805553,2.8106836843675227,0.3111126748770108,2.0530445219365667,1.8454491025281992,2.0530445219365667,-0.5568561132230663,-0.23492801833570365,-0.3869311117807541,-0.4693932719727272,-0.6499655176145476,0.028106387498089802
17.75,4.662168677315125,4.729099685434112,4.5706703228296295,4.67420792693804,4.527081054281947,4.759553481975826,4.421247027382119,4.466334916910657,4.192159953471663,4.276857118046944,3.9438129909654083,4.398163414269078,4.34919119423696,4.577632660246213,3.9528902575397025,4.298817671721841,3.943552392960366,4.306122472345074,4.001056971829049,4.190090796219067,3.738022565995256,3.880762738111338,3.679128876941687,4.401594901412778,5.476829763050397,5.2395329186302115,5.058582707295663,5.148877880535265,4.747856959637721,5.026088202089874,4.697892387500608,4.938900487004403,4.565035228607038,4.454189459918748,4.284264458476436,4.796017112243815,4.496021263760767,4.61539335296585,4.314526873606318,4.03889243099289,3.768244841049221,3.9541952664176088,4.243004905915493,4.449008366712908,3.8871294791047935,3.7802142751882815,3.6747211463409677,4.209057573992156,4.857756627228454,4.929992443876166,4.521649597171331,5.045985738940987,4.641231212924003,5.181799594286706,4.392488982580799,4.564608197436024,4.103531231681531,4.524592518588145,4.179944347200699,4.47878882897502,4.2897839830274425,4.803779962394455,4.092184023142282,4.604770468495958,4.045098887072541,4.493924699807668,4.516032802188798,5.080937650568701,5.21055038869917,4.490192797253538,3.707610403174694,3.7590095556813385,4.777132940621664,5.4318501230281555,4.885604729879853,4.387311726951657,4.780762364022355,4.834135714898151,5.458254208469313,5.5618994766231085,5.719000437707837,3.7341868415225132,3.695916824594796,5.437528783617367,5.624270272131098,5.86695603257309,5.638745594646978,3.4736136043935653,5.237247149021851,5.747374416820417,4.969497619167252,5.144803175629572,4.9068753456915175,5.019683376335469,4.385811275133367,5.027062906701067,5.926748473414053,5.863462228680078,5.760688181062619,6.00116178409563,5.139377925810604,5.80402931516092,4.165553279806144,3.8869780230765723,4.4314473397791785,3.0493602623016214,3.3952876764837603,4.456230440709067,3.1113431625012336,0.3111126748770108,2.5084141152506287,1.9125632983867362,2.139632206932657,-0.5568561132230663,-0.23492801833570365,-0.4693932719727272,-0.4693932719727272,-0.6499655176145476,0.028106387498089802
18.5,4.66619293387392,4.926545749640329,4.557731267122131,4.785683213800479,4.531499725548951,4.778265742237997,4.552491560660372,4.583518456280997,4.362830341156798,4.415510657832975,4.1093030210673795,4.471873100452088,4.438317084709944,4.726614401716026,4.136197470902762,4.496944814680653,4.119709348114193,4.431653354428933,4.103155159447786,4.334480705554242,3.9015212982781353,4.020165794776754,3.827520716834359,4.5204311309226295,5.4935637788101985,5.425430610543753,5.253635621748394,5.208013004622597,4.873719915618981,5.121455185069893,4.869226959197592,5.209076962082216,4.780119485363606,4.615181336591053,4.454189459918748,5.0053636471836205,4.611143879964493,4.7682448410492215,4.468097262198328,4.206002416828149,3.8784277587996443,4.082519363393148,4.389629819633976,4.566274418882657,4.079774557047189,3.912664571211931,3.7802142751882815,4.365176775909438,5.070542843184965,5.106612097892487,4.899476017353102,5.164793168981016,4.763000176211663,5.195820064601641,4.594981846479543,4.686480200965039,4.357482532752886,4.694517520030457,4.32160549642429,4.64560791954951,4.312684385137521,4.737627627389528,4.218817461673298,4.604770468495958,4.078887200528824,4.886242122586428,4.586828580298658,5.131961653593168,5.267438208213195,4.70011586662777,3.815593084047706,3.843073820469813,4.73285237906097,5.483987746363331,4.851496875559588,4.348708887727909,4.784382679701052,4.8023492262305005,5.476430134433759,5.551220708097082,5.730405200980087,3.8006142032614894,3.807809704665693,5.494379915479272,5.6315260881338975,5.879199628327837,5.657822831842125,3.5055564968963195,5.243574768993863,5.786902781007055,4.99229748854039,5.1694652298638415,4.941132727913891,5.046559082326864,4.449442381321079,5.063404753764788,6.045555903454083,6.024494287926253,5.878479264320801,6.086778566180596,5.262234673596137,5.924683054248269,4.420694283482304,4.067856605919011,4.587017048244421,3.3731486992145117,3.5741357569476886,4.661979105925643,3.4014989113341163,0.3600222753579576,3.007720531427076,1.9288651107158366,2.2475475460995447,-0.6499655176145476,-0.30892859977948106,-0.3869311117807541,-0.4693932719727272,-0.6499655176145476,0.028106387498089802
19.25,4.748208508381817,4.959712613575528,4.513743254744794,4.829404591229798,4.6088054517164,4.875320426285156,4.720091509156441,4.687141087355154,4.5367242448020555,4.526116145236075,4.276857118046944,4.593714223386884,4.583656447873983,4.8111921724863915,4.291475696380673,4.636767784333546,4.306122472345074,4.559408901627306,4.231669899970466,4.408862901876818,4.020165794776754,4.155942573807222,3.9914068017953306,4.63642442598745,5.512453672781119,5.2978596220050775,5.348673411559715,5.248011072554516,5.102879455814753,5.099760113970573,5.0155834895015,5.264404036115593,4.857911645969757,4.434011577981117,4.045815690920914,5.226778963815676,4.74516122793618,4.846247353050495,4.585380783899411,4.458667849278397,4.0261813792433365,4.11889175305811,4.539206175684487,4.684636615206051,4.222732510889232,3.929440283962758,3.9460231681583617,4.544660605776595,5.1006628315613005,5.070542843184965,5.094688930516668,5.190228216357287,4.969702153678138,5.33661770333881,4.694517520030457,4.337090743921708,4.392488982580799,4.860875906452577,4.48806664256303,4.62892917840288,4.39546206092198,4.552818388861237,4.27819600875223,4.681551702983439,4.169489749309731,5.178868081625592,4.856620352307761,5.156812517543829,5.341565558695399,4.8155930840477055,4.034016603181208,3.9160532658269185,4.694884528861949,5.495076925025137,4.834135714898151,4.429539962340954,4.762523245737312,4.844577461619798,5.49214836818069,5.566148949624466,5.773306857265754,3.864117145567647,3.8502449709860898,5.507697195033195,5.626692934397954,5.891340191200049,5.664912256628444,3.5264654866593004,5.2148793359933965,5.812665877072137,5.017215120744719,5.187140122187032,4.961816882085628,5.061010238624404,4.3430904001487445,5.080055994314951,6.134024691316397,6.090468325329658,6.005076834099013,6.150025170010112,5.3386867340340105,5.939079275324772,4.583807491768531,4.182626793165086,4.6558789063892245,3.4314473397791785,3.6061258711921256,4.82035976914141,3.5405945209997784,0.4073279901363138,3.227918739350612,2.139632206932657,2.2475475460995447,-0.6499655176145476,-0.30892859977948106,-0.3869311117807541,-0.5568561132230663,-0.6499655176145476,-0.03329415716605322
20.0,4.759553481975826,5.0852434956593875,4.709734360567181,4.949842369551467,4.472973648942496,4.861347483732551,4.79269525811328,4.765895198769566,4.628842446790487,4.608874030557891,4.415510657832975,4.6966325363324515,4.648309406216237,4.9151705915905435,4.431653354428933,4.753581449316296,4.438317084709944,4.654045775765381,4.379568595082779,4.547025340934342,4.16455570411193,4.287938119617211,4.120966435564247,4.720605512917846,5.486415811879595,5.594524805720152,5.464756930749822,5.474423265343302,5.090361415968324,5.335473913804855,5.0851643583967405,5.312170455046321,5.001940881542832,4.7999642967604785,4.731347684686088,4.935316149655364,4.749034237083387,4.960889918991617,4.669526790099329,4.491404635690397,4.266698348515702,4.42517093729031,4.664737057768345,4.775582826456636,4.389629819633976,4.1095219004412415,4.04170651621367,4.689568910748281,5.329004519228935,5.258615191337537,5.231648143737267,5.226193713645159,5.0366679775469425,5.274556735206558,4.718364261984824,4.860875906452577,4.483435193831385,5.010019345758387,4.616292352724955,4.7838650056257395,4.463551050764149,4.609401917227604,4.432524155143525,4.897646885858677,4.19436441794876,5.340807986051909,4.863346215496074,5.156812517543829,5.434825486853608,4.954357154003557,3.9916703124716135,4.051791304909184,4.70255845674737,5.506081517213947,4.8023492262305005,4.54927920661505,4.84804131692337,4.992760683908044,5.512109109911577,5.568269001498836,5.778809832943141,3.9183092459312436,3.924942338263691,5.578822779659577,5.621843534736558,5.905376250886911,5.681320013150057,3.6363431044316736,5.22130560515283,5.873090818745191,5.036843927493653,5.2089335130492875,4.987261898643092,5.110478914888704,4.602177621465875,5.133452251293043,6.188406261737969,6.142935745223793,6.071924431963464,6.193561818293761,5.449143381989389,6.034105882710545,4.756229431721694,4.284988510794763,4.767589293886242,4.054006627157986,3.977807001276587,4.920440781969613,3.7245947076538135,0.4975257991078923,3.441816366521605,3.0897563002930877,2.33577472911128,-0.5568561132230663,-0.3869311117807541,-0.4693932719727272,1.3257869361387744,-0.8564163950819745,-0.09742449458576896
20.75,5.0425390447051495,5.048717619634274,5.054869846615868,5.001720140097104,4.770809937318949,5.0269758404802065,4.849108567018547,4.857595032906375,4.715430131786578,4.733985950814821,4.526116145236075,4.761379717647072,4.856674942280399,4.971386601157092,4.571583615573408,4.8715227066877125,4.601578355871245,4.769522993185317,4.493337470040354,4.642603000916574,4.303619741849481,4.444663623304665,4.264091377662844,4.811157270625471,5.717652889794032,5.640328495333277,5.533413291416764,5.587861075439141,5.121455185069893,5.316789350539929,5.081925984330196,5.3875522668884575,4.956689800447931,4.637411283974519,4.517884135236137,5.264404036115593,4.828054236284525,4.964225631554873,4.7373838773444605,4.628067183000962,4.272091607285921,4.194687103600314,4.798592804503136,4.8567558300612745,4.500436605519911,4.145863747504961,4.222732510889232,4.598099864738055,5.4509262734361235,5.331546713791388,5.23436764509086,5.290324051064875,5.33661770333881,5.429727107730291,4.813689221008135,4.730141429761178,4.649747649910434,5.148108260078693,4.706490161696533,4.903104141841874,4.416756839285208,4.54800137256346,4.357422699902806,4.9052002802903125,4.422031781325883,5.427287506777377,4.876704598351093,5.170435801407804,5.498857658380666,5.0099711292145575,4.080937650568701,4.223677822684783,4.773494363558315,5.547149767053702,4.8023492262305005,4.540742524660565,4.816563085450201,4.995886784894763,5.5383009646713495,5.5767181913346535,5.822093930671941,3.9576579134070693,3.9641129355443687,5.5383009646713495,5.633936606724578,5.931086369992806,5.70214516282742,3.6649122566284444,5.175708738712719,5.909361598838089,5.061010238624404,5.213252962506163,5.002316244365382,5.124306768743992,4.4676354980870485,5.158307439979319,6.288171462779764,6.203817987370815,6.126856005555932,6.262234673596137,5.511022829576067,6.086778566180596,4.831227579786559,4.35819835774854,4.858044244831746,4.331656570296048,3.733237789095465,5.030623699720035,3.896075175598167,0.6625850453783881,3.5668738457986273,3.0751834992058154,2.383869017312325,-0.6499655176145476,-0.23492801833570365,-0.4693932719727272,-0.5568561132230663,-0.7495011911654625,0.028106387498089802
21.5,4.929896959139967,5.161346474745179,4.9028667531708185,5.0517970125662455,4.829404591229798,5.135454941613155,4.844846540164387,4.891050330091855,4.801519108500287,4.823345470953465,4.618892786382881,4.823345470953465,4.742855042723237,5.043088066511281,4.607503189828352,4.957536622396067,4.699133665293919,4.841672778941152,4.6114420694301135,4.702975618896055,4.423289972512098,4.547025340934342,4.394290100789545,4.880762738111338,5.785229473093112,5.554072761982857,5.64675476449271,5.682639300191241,4.97933010357958,5.405358007917359,5.232631690061114,5.398006624525625,5.1546291780598406,4.895289255783788,4.597147413760791,4.995070892175788,4.783431244863897,5.060870800088385,4.813332730577759,4.749034237083387,4.385911506843083,4.350660659660031,4.847958881824116,4.9826520901490845,4.613753129049541,4.249699558489501,4.358998200980313,4.718813730524138,5.485580342463809,5.356725276787385,5.434465026736954,5.374092408757472,5.36667493719499,5.519421496279214,4.923763612407967,4.885659007382465,4.641456276279043,5.284813465054654,4.77252003203173,4.896151381200108,4.716317121144115,4.614018545297974,4.411462539615695,5.118415564715462,4.538318819166121,5.50390878838029,4.9030559252980455,5.223677822684783,5.537218132079426,5.042931327988956,4.137521178935068,4.285078367348926,4.769846586543171,5.555648731490777,4.8023492262305005,4.639992770365877,4.834135714898151,5.032880992376965,5.566148949624466,5.622324418296163,5.864117145567647,4.014739008614336,4.020944158141045,5.587210565152295,5.6315260881338975,5.933045223030862,5.706732432323071,3.711305162112896,5.192159259493313,5.92912485365952,5.087133825555484,5.2536553165668005,5.039278856410706,5.149318656752065,4.485602044616497,5.195897023372394,6.319950171452425,6.230816577217571,6.178039546179709,6.3386867340340105,5.624804752980846,6.134024691316397,4.897357168856572,4.501156311590583,4.975359680857844,4.4943350457345685,3.8921769297508915,5.174115293309568,3.9609263199481353,0.7010591931930241,3.6625850453783886,3.3296486263144387,2.441816366521605,-0.7495011911654625,-0.30892859977948106,-0.3869311117807541,-0.6499655176145476,-0.7495011911654625,-0.03329415716605322
22.25,5.141248905388129,5.433381469869598,5.0792197080316175,5.257837683877684,4.74440693822196,5.1979436284087495,4.943812990965409,4.971444109942599,4.849108567018547,4.891050330091855,4.715430131786578,4.861819618768101,4.980546600442568,5.107218403930997,4.806048869210431,4.910385529025167,4.7957069249889726,4.92469336570905,4.691101518607764,4.789046569019723,4.5204311309226295,4.642603000916574,4.506947901559007,4.9371452080088565,5.7676473253977285,5.78910768790404,5.5287818426851185,5.779392533070828,5.330160113908388,5.620876132667104,5.1669075078382765,5.612939385804383,5.081925984330196,5.032457308065895,4.981231984710723,5.018974078702274,4.933922871391347,5.073281156537811,4.849858606602874,4.681735847794546,4.61539335296585,4.653085643037801,4.904202992463735,4.998637794321784,4.718813730524138,4.634363408724827,4.377455105687874,4.84354021055711,5.354227102932188,5.413020774997891,5.4532626221910805,5.36170868430164,5.4509262734361235,5.460249052507187,5.073029143284187,5.085307473062624,4.67839785466718,5.331947440645749,4.864442521472769,4.910023555781665,4.762791550943616,4.703378065436618,4.604770468495958,5.19436441794876,4.576665130815604,5.466106755667905,4.9160532658269185,5.280060292582301,5.62294800610531,5.089567955712141,4.154072355198916,4.285078367348926,4.751468057228316,5.566202509651518,4.795189434657635,4.798773772006673,4.899025245642174,5.115681297429478,5.578822779659577,5.626399830726281,5.860661586931428,4.045501262385024,4.045501262385024,5.626399830726281,5.636343104431673,5.958271199319036,5.713586103364134,3.7473744168204175,5.211655435119111,5.956346322394544,5.094177102559604,5.251556850682803,5.031961706113906,5.176118716095781,4.663440916922772,5.228269998146887,6.315227761210021,6.234156150562704,6.203817987370815,6.355650740767153,5.9163916806168775,6.186683640588961,4.967992711449631,4.497749710147334,5.063254703960002,4.706926511979617,4.487481374693506,5.290905245161196,3.94097171357249,0.8106836843675227,3.770544293514308,3.766014635033794,2.5405945209997784,-0.9718936125019102,-0.30892859977948106,-0.3869311117807541,-0.7495011911654625,-0.8564163950819745,-0.09742449458576896
23.0,5.419144232212826,5.631623534061491,5.200720713079323,5.200720713079323,4.9792527999711735,5.302474211880057,5.040156860026613,5.069675946946669,4.870231858584301,4.931807137705254,4.756850059166558,5.006209528103276,5.016615855150089,5.16861894859514,4.769522993185317,5.103030606967563,4.8665904111454825,4.98964880754982,4.832934213020723,4.880762738111338,4.667056044641113,4.726434591720045,4.605128295497911,5.01541226480612,5.840468109822597,5.674275827256614,5.670075838727328,5.796832981013267,5.524135477828754,5.549507267537065,5.374376878140724,5.612939385804383,5.229708294854348,5.289889007670314,5.0155834895015,5.258679048281963,5.029369656874383,5.174669210023357,4.913361548909031,4.790964917549305,4.725638669671362,4.644794269406409,4.974592320355133,5.037843876581271,4.761598597020934,4.437326561665273,4.62923837654696,4.798592804503136,5.5014717152337,5.485580342463809,5.4741212270887445,5.595427523310878,5.5014717152337,5.496949156543006,5.1363550786530165,4.896151381200108,5.0067954448841,5.416983544501548,5.016445614917819,5.118543802536555,4.659390053059281,4.707703990839407,4.513824257245373,5.3296242475592335,4.685943472100597,5.52367204320172,5.016020173887362,5.312370059016666,5.62294800610531,5.089567955712141,4.170435801407804,4.381939906601515,4.805915841250693,5.5787659711154305,4.858383261144828,4.784382679701052,4.885604729879853,5.17204374004859,5.5997015093354925,5.693976414025361,5.909974762665719,4.063648609095283,4.075621250761359,5.585118186191056,5.638745594646978,5.969766838156866,5.724937027700662,3.799841836714553,5.205185939789553,5.938905874452105,5.12201131075633,5.2827177821692635,5.094177102559604,5.182741658289515,4.423580318009113,5.238901549876774,6.402412331644397,6.2961820055194755,6.258959541563277,6.421579742382355,5.971455277279439,6.212309448264455,5.0609482365768335,4.6343227630227775,5.174115293309568,4.817629976385837,4.39894470009185,5.422492034544699,4.060461993499049,0.976693635806452,3.832510046820701,3.6180386064251264,2.623056681191751,-0.7495011911654625,-0.30892859977948106,-0.23492801833570365,-0.6499655176145476,-0.8564163950819745,-0.09742449458576896
23.75,5.604617654752967,5.759553481975826,5.222747019409322,5.257837683877684,5.0269758404802065,5.38047672388133,5.098603132410171,5.225326817406863,4.979242480503006,5.021395931917952,4.857595032906375,5.032681739464467,5.1155577048437255,5.242819890436556,4.971386601157092,5.192465690549508,4.957536622396067,5.090393781289637,4.849053878384,4.921985400837851,4.714752786672409,4.800144277903053,4.702975618896055,5.062257128265787,5.931005656236199,5.725769338998404,5.779392533070828,5.8627209166697245,5.535723452103966,5.769611512278243,5.347659539764945,5.670126859117897,5.314931594723377,5.212042420558777,5.075427347031454,5.444135795254825,5.067089322823542,5.20318189776577,4.984079546363507,4.831711259892614,4.831711259892614,4.820712260943357,5.014448309169246,5.072240884361782,4.852364060944117,4.704265421954982,4.582274897576372,4.958336429597214,5.5283133274523415,5.487861283715047,5.467201813148954,5.6494051443697035,5.457923999560943,5.5149549445973225,5.2660595049892915,5.2497883358148085,4.737939800321586,5.392488982580799,5.112557507470824,5.02284338611597,4.9089621990865115,4.893855306696303,4.681551702983439,5.455856658974149,4.737627627389528,5.593126377514773,5.066438080873586,5.363080879350199,5.688800553399936,5.123581987977195,4.254704718305407,4.377248211276793,4.841105269712993,5.576679643866965,4.9090093342147965,4.899025245642174,4.885604729879853,5.311555889310443,5.601772859355187,5.711346865164402,5.904950863076225,4.1283015674375365,4.116759945554845,5.6141388925593,5.636343104431673,5.98872499586075,5.720407369220148,3.8337891686378907,5.198687302490811,5.96211326561343,5.115102941414152,5.3031239928311,5.077688979771035,5.2089335130492875,4.474848988319623,5.264102104001916,6.3964630653132115,6.310489842203358,6.278499727958922,6.464863840111155,6.073789584183027,6.286564002957878,5.1063912073380004,4.6920990943019785,5.259065165729289,5.01402718918934,4.761920543799549,5.529792179551471,4.000026139637075,1.1810521343126377,3.879396434451537,3.832510046820701,2.7929816826340637,-0.9718936125019102,-0.3869311117807541,-0.16453869044430558,-0.6499655176145476,-0.8564163950819745,-0.03329415716605322
